fold,candidate_id,factor_preset,risk_preset,portfolio_preset,w_combo_eff_accel,w_momentum_12_1,w_fund_hit_rate_20,w_vol_60d,w_max_drawdown_60d,top_n,max_per_theme,max_weight,volatility_target,weak_market_exposure,train_start,train_end,train_trading_days,train_total_return,train_annual_return,train_annual_volatility,train_sharpe_rf0,train_max_drawdown,train_calmar,test_start,test_end,test_trading_days,test_total_return,test_annual_return,test_annual_volatility,test_sharpe_rf0,test_max_drawdown,test_calmar,selection_score
2020_2022_to_2023,base__risk_light__balanced,base,risk_light,balanced,0.45,0.35,0.2,-0.15,0.1,20,3,0.12,0.18,0.6,2020-02-04,2022-12-30,711,0.40404526373036953,0.12781104220028916,0.08039956664555474,1.5896981480478636,-0.0640257143007894,1.996245470996851,2023-01-03,2023-12-29,242,-0.002267995071015827,-0.002361603126805445,0.04329695887913339,-0.05454431876839276,-0.033144408861891295,-0.07125193080516104,2.8229872089705323
2020_2022_to_2023,base__risk_light__defensive,base,risk_light,defensive,0.45,0.35,0.2,-0.15,0.1,25,3,0.1,0.15,0.5,2020-02-04,2022-12-30,711,0.22518076560957723,0.07463460086455931,0.07205705390917387,1.0357709178428856,-0.08176264108478981,0.9128203281393692,2023-01-03,2023-12-29,242,-0.017175459459317532,-0.017878807232775684,0.04324648358055919,-0.4134164388064336,-0.03298048876212678,-0.5421025552934453,1.4271417669506965
2020_2022_to_2023,base__risk_balanced__balanced,base,risk_balanced,balanced,0.45,0.35,0.2,-0.2,0.2,20,3,0.12,0.18,0.6,2020-02-04,2022-12-30,711,0.3233148210230532,0.10438659329523459,0.0793088462767312,1.3162036543943658,-0.06637830943911593,1.5726009622312078,2023-01-03,2023-12-29,242,0.008287196735328628,0.008631116578153186,0.04162221485765976,0.20736802709010083,-0.024225181339430968,0.35628697499590833,2.2497069313564495
2020_2022_to_2023,base__risk_balanced__defensive,base,risk_balanced,defensive,0.45,0.35,0.2,-0.2,0.2,25,3,0.1,0.15,0.5,2020-02-04,2022-12-30,711,0.1848270728249517,0.06195364195004793,0.07202865930060598,0.8601248801742825,-0.08171666823166446,0.7581518347567855,2023-01-03,2023-12-29,242,-0.011006143753414688,-0.011458327651377442,0.04390182921354932,-0.2609988662577432,-0.026577194426281037,-0.43113383104300873,1.1783327617031183
2020_2022_to_2023,base__risk_defensive__balanced,base,risk_defensive,balanced,0.45,0.35,0.2,-0.25,0.2,20,3,0.12,0.18,0.6,2020-02-04,2022-12-30,711,0.3014713506224054,0.09789069203100742,0.07737731163755668,1.26510846602603,-0.07083073616883773,1.3820369139982882,2023-01-03,2023-12-29,242,0.004723459221991577,0.004919122785386643,0.039485646889343876,0.12458002268956578,-0.021231309735618265,0.23169191381227786,2.028121124942388
2020_2022_to_2023,base__risk_defensive__defensive,base,risk_defensive,defensive,0.45,0.35,0.2,-0.25,0.2,25,3,0.1,0.15,0.5,2020-02-04,2022-12-30,711,0.1872693205243885,0.06272896467388223,0.07090199552645486,0.8847277739944128,-0.08178087854086347,0.7670370604118472,2023-01-03,2023-12-29,242,-0.013642939025296896,-0.014202674691696338,0.04010597963786899,-0.35412860675483526,-0.028011172937607687,-0.5070360574807592,1.1998749904755628
2020_2022_to_2023,mom_heavy__risk_light__balanced,mom_heavy,risk_light,balanced,0.35,0.45,0.2,-0.15,0.1,20,3,0.12,0.18,0.6,2020-02-04,2022-12-30,711,0.3552301336207997,0.11375440653606006,0.08186000756471606,1.3896212560954047,-0.0639848525380955,1.7778333781160567,2023-01-03,2023-12-29,242,-0.017348461165150986,-0.018058828191887866,0.04438620965346358,-0.4068567316938874,-0.036671815575822,-0.49244434474616483,2.4975287831627413
2020_2022_to_2023,mom_heavy__risk_light__defensive,mom_heavy,risk_light,defensive,0.35,0.45,0.2,-0.15,0.1,25,3,0.1,0.15,0.5,2020-02-04,2022-12-30,711,0.20815419722316442,0.06931746888295232,0.07365284342194886,0.9411377166505348,-0.08251586150534518,0.8400502354139767,2023-01-03,2023-12-29,242,-0.02892193895246209,-0.030098894896632644,0.04224798113041376,-0.7124339220783463,-0.04351357085898144,-0.6917128220567553,1.3040198974280477
2020_2022_to_2023,mom_heavy__risk_balanced__balanced,mom_heavy,risk_balanced,balanced,0.35,0.45,0.2,-0.2,0.2,20,3,0.12,0.18,0.6,2020-02-04,2022-12-30,711,0.33548093059085926,0.10797462584874484,0.0786635459581338,1.3726132547623895,-0.06715353668847346,1.6078769812175522,2023-01-03,2023-12-29,242,-0.0099375339238571,-0.010346044343977678,0.03843785767012587,-0.26916287668182626,-0.03492533011303922,-0.29623325851156457,2.3145941531788825
2020_2022_to_2023,mom_heavy__risk_balanced__defensive,mom_heavy,risk_balanced,defensive,0.35,0.45,0.2,-0.2,0.2,25,3,0.1,0.15,0.5,2020-02-04,2022-12-30,711,0.19409696420165945,0.06489103936420082,0.07254048863045137,0.8945492453846053,-0.08243873132329971,0.7871426248630372,2023-01-03,2023-12-29,242,-0.021648332911945567,-0.02253273864498717,0.03870682005726766,-0.5821387190073856,-0.037535233767008624,-0.6003089999346745,1.2256434015757907
2020_2022_to_2023,mom_heavy__risk_defensive__balanced,mom_heavy,risk_defensive,balanced,0.35,0.45,0.2,-0.25,0.2,20,3,0.12,0.18,0.6,2020-02-04,2022-12-30,711,0.3076574535900731,0.09973743937288959,0.07809317439565261,1.2771594975455614,-0.06662802251872424,1.4969293039555651,2023-01-03,2023-12-29,242,-0.009249123058495123,-0.00962947223986177,0.035856871270710626,-0.2685530526955797,-0.03228940721405249,-0.29822387806707645,2.1520637611554285
2020_2022_to_2023,mom_heavy__risk_defensive__defensive,mom_heavy,risk_defensive,defensive,0.35,0.45,0.2,-0.25,0.2,25,3,0.1,0.15,0.5,2020-02-04,2022-12-30,711,0.19762482758791333,0.06600506347173063,0.07195562607254707,0.917302330260917,-0.08195202417943215,0.8054110210531713,2023-01-03,2023-12-29,242,-0.021342416256785568,-0.022214466718183945,0.038124711419592026,-0.5826789473550764,-0.037392874213442506,-0.5940828883969016,1.2560887058297792
2020_2022_to_2023,hit_quality__risk_light__balanced,hit_quality,risk_light,balanced,0.4,0.3,0.3,-0.15,0.1,20,3,0.12,0.18,0.6,2020-02-04,2022-12-30,711,0.3690630554031922,0.11777042780906677,0.07984069584102803,1.4750676527614586,-0.06402571430078985,1.8394238798459435,2023-01-03,2023-12-29,242,0.004741844935569395,0.004938271974891384,0.04296052155291951,0.11494906943362723,-0.030603032822031806,0.1613654438633354,2.603830062980811
2020_2022_to_2023,hit_quality__risk_light__defensive,hit_quality,risk_light,defensive,0.4,0.3,0.3,-0.15,0.1,25,3,0.1,0.15,0.5,2020-02-04,2022-12-30,711,0.21985088263265817,0.0729753191331024,0.0726289562132687,1.0047689370451178,-0.08187265399663857,0.891327147353725,2023-01-03,2023-12-29,242,-0.01121575221317428,-0.011676496865778763,0.04773224982509752,-0.2446249005350526,-0.03357799001416972,-0.3477425796139479,1.3892629484445158
2020_2022_to_2023,hit_quality__risk_balanced__balanced,hit_quality,risk_balanced,balanced,0.4,0.3,0.3,-0.2,0.2,20,3,0.12,0.18,0.6,2020-02-04,2022-12-30,711,0.3112991385353372,0.10082196133584476,0.07856920077468654,1.2832249830944904,-0.06785519563241948,1.4858399625285965,2023-01-03,2023-12-29,242,0.009892610246151401,0.010303494700265814,0.03880359229637422,0.2655294030915938,-0.022216179403963143,0.46378337665151254,2.1439358369275543
2020_2022_to_2023,hit_quality__risk_balanced__defensive,hit_quality,risk_balanced,defensive,0.4,0.3,0.3,-0.2,0.2,25,3,0.1,0.15,0.5,2020-02-04,2022-12-30,711,0.18487348763740452,0.06196838653792103,0.071544311558996,0.8661539287693252,-0.08189088933277355,0.7567189347047506,2023-01-03,2023-12-29,242,-0.0061063344418544885,-0.006357858507370473,0.04176850387270883,-0.15221657272537936,-0.025389645873756916,-0.25041146847747264,1.179834647691987
2020_2022_to_2023,hit_quality__risk_defensive__balanced,hit_quality,risk_defensive,balanced,0.4,0.3,0.3,-0.25,0.2,20,3,0.12,0.18,0.6,2020-02-04,2022-12-30,711,0.2978904669661617,0.09681909437207037,0.07670786843544161,1.2621794393042565,-0.06866208496028503,1.410080897311401,2023-01-03,2023-12-29,242,0.00861396213440413,0.008971503021713012,0.03600292283171433,0.24918818573835833,-0.02187333431014815,0.41015708416940694,2.055249121669422
2020_2022_to_2023,hit_quality__risk_defensive__defensive,hit_quality,risk_defensive,defensive,0.4,0.3,0.3,-0.25,0.2,25,3,0.1,0.15,0.5,2020-02-04,2022-12-30,711,0.18559531903353355,0.06219764265577732,0.0705811085656373,0.8812222409051037,-0.08213876377224005,0.7572264275640083,2023-01-03,2023-12-29,242,-0.008443212305379921,-0.008790567468108024,0.0389444071691105,-0.2257209213619878,-0.024226057300965054,-0.3628558852520277,1.1878669874583287
2020_2022_to_2023,eff_heavy__risk_light__balanced,eff_heavy,risk_light,balanced,0.55,0.3,0.15,-0.15,0.1,20,3,0.12,0.18,0.6,2020-02-04,2022-12-30,711,0.3706321905635288,0.1182243274716952,0.0812583891136157,1.4549184245628304,-0.06509764186957911,1.8161076818812203,2023-01-03,2023-12-29,242,-0.0008562738155164507,-0.0008916412518689132,0.04290502413242956,-0.020781744560189407,-0.038438796486013005,-0.02319638837270467,2.570130236963694
2020_2022_to_2023,eff_heavy__risk_light__defensive,eff_heavy,risk_light,defensive,0.55,0.3,0.15,-0.15,0.1,25,3,0.1,0.15,0.5,2020-02-04,2022-12-30,711,0.22465500486546075,0.07447113016805473,0.07209479276565989,1.0329612904238312,-0.08178087854086413,0.9106178791029143,2023-01-03,2023-12-29,242,-0.015167867528567247,-0.015789664928472003,0.0464944465245456,-0.33960324530664615,-0.03854956748563887,-0.4095938283705578,1.423443650128425
2020_2022_to_2023,eff_heavy__risk_balanced__balanced,eff_heavy,risk_balanced,balanced,0.55,0.3,0.15,-0.2,0.2,20,3,0.12,0.18,0.6,2020-02-04,2022-12-30,711,0.32038905882275204,0.10352055296583806,0.0796291300867715,1.300033704412345,-0.06521984101286726,1.5872555246710036,2023-01-03,2023-12-29,242,0.005455431383502463,0.005681501640474762,0.041068992173227244,0.13834042034706945,-0.030235410954513653,0.18790886120324443,2.2564227328536615
2020_2022_to_2023,eff_heavy__risk_balanced__defensive,eff_heavy,risk_balanced,defensive,0.55,0.3,0.15,-0.2,0.2,25,3,0.1,0.15,0.5,2020-02-04,2022-12-30,711,0.20865432732056233,0.06947433899405553,0.07151707778534883,0.9714370489601887,-0.08189872918053054,0.8482956901676979,2023-01-03,2023-12-29,242,-0.0109613098301663,-0.011411662388813415,0.04603729941812197,-0.24787862305236275,-0.03457045170688278,-0.33009873534690953,1.3278020195545548
2020_2022_to_2023,eff_heavy__risk_defensive__balanced,eff_heavy,risk_defensive,balanced,0.55,0.3,0.15,-0.25,0.2,20,3,0.12,0.18,0.6,2020-02-04,2022-12-30,711,0.31881912618299735,0.10305533420280688,0.0782250754036598,1.3174207077592075,-0.06460832938333982,1.5950781452860343,2023-01-03,2023-12-29,242,0.010006442022894246,0.010422078772919452,0.04038671988251858,0.2580570742867052,-0.025215177572742498,0.4133256148148517,2.2730120015753714
2020_2022_to_2023,eff_heavy__risk_defensive__defensive,eff_heavy,risk_defensive,defensive,0.55,0.3,0.15,-0.25,0.2,25,3,0.1,0.15,0.5,2020-02-04,2022-12-30,711,0.19974273159551115,0.06667283508750677,0.07097928930637835,0.939328017215233,-0.08094572146744972,0.8236733687563409,2023-01-03,2023-12-29,242,-0.010380011119734633,-0.010806611352949247,0.04572433991350249,-0.23634264318287146,-0.03464871011739312,-0.3118907259847602,1.286200934173986
2020_2023_to_2024,base__risk_light__balanced,base,risk_light,balanced,0.45,0.35,0.2,-0.15,0.1,20,3,0.12,0.18,0.6,2020-02-04,2023-12-29,954,0.4008003274221781,0.09311390917486673,0.072834634355602,1.2784290056328809,-0.0640257143007894,1.4543205053117023,2024-01-02,2024-12-31,243,0.06006963547055677,0.06236243504996697,0.06202963768815358,1.0053651347036152,-0.03740998274079688,1.666999834831749,2.1080791055651815
2020_2023_to_2024,base__risk_light__defensive,base,risk_light,defensive,0.45,0.35,0.2,-0.15,0.1,25,3,0.1,0.15,0.5,2020-02-04,2023-12-29,954,0.2040639450825763,0.05027651691933821,0.06595780145681547,0.7622527708455494,-0.08176264108478981,0.6149081811973303,2024-01-02,2024-12-31,243,0.08079563457929329,0.08391030227319596,0.05978669496605236,1.40349457886644,-0.034051204835878646,2.464238862549216,0.9802915045373791
2020_2023_to_2024,base__risk_balanced__balanced,base,risk_balanced,balanced,0.45,0.35,0.2,-0.2,0.2,20,3,0.12,0.18,0.6,2020-02-04,2023-12-29,954,0.33422370139364244,0.07914366693645558,0.07165010361200004,1.1045855197228285,-0.06637830943911593,1.1923121815726325,2024-01-02,2024-12-31,243,0.06549564146496145,0.06800210831331932,0.057092329918919674,1.191090088806908,-0.03091599199672579,2.199577109494698,1.7509876201827166
2020_2023_to_2024,base__risk_balanced__defensive,base,risk_balanced,defensive,0.45,0.35,0.2,-0.2,0.2,25,3,0.1,0.15,0.5,2020-02-04,2023-12-29,954,0.17171651669308052,0.042748423681200576,0.06602714573961109,0.6474370988227481,-0.08171666823166446,0.523129792321072,2024-01-02,2024-12-31,243,0.07590872477490662,0.07882821716524102,0.05753893343137748,1.3699978860270972,-0.03280523167506866,2.402916033211524,0.8273642194572142
2020_2023_to_2024,base__risk_defensive__balanced,base,risk_defensive,balanced,0.45,0.35,0.2,-0.25,0.2,20,3,0.12,0.18,0.6,2020-02-04,2023-12-29,954,0.30756226038362167,0.07340508127686007,0.06974169542150858,1.0525279150902558,-0.07083073616883773,1.036345028264085,2024-01-02,2024-12-31,243,0.06405091444676803,0.06650038617025888,0.04836049362075905,1.3750973406465223,-0.030436493316378987,2.1848898780488817,1.563896158363224
2020_2023_to_2024,base__risk_defensive__defensive,base,risk_defensive,defensive,0.45,0.35,0.2,-0.25,0.2,25,3,0.1,0.15,0.5,2020-02-04,2023-12-29,954,0.170997496426609,0.04257936076153768,0.06449094714583702,0.660237795318009,-0.08178087854086347,0.520651789528796,2024-01-02,2024-12-31,243,0.06806914496826155,0.07067732443595465,0.05562097360682691,1.2706955641509972,-0.03695786623527375,1.9123756762910187,0.8311699282981375
2020_2023_to_2024,mom_heavy__risk_light__balanced,mom_heavy,risk_light,balanced,0.35,0.45,0.2,-0.15,0.1,20,3,0.12,0.18,0.6,2020-02-04,2023-12-29,954,0.3316434008933502,0.07859199318278298,0.07420483304762197,1.0591222964189608,-0.0639848525380955,1.2282906041862118,2024-01-02,2024-12-31,243,0.06750675222424696,0.07009268382926881,0.04716640928515464,1.4860720773868636,-0.026639314474916298,2.631174458159139,1.7651553227180359
2020_2023_to_2024,mom_heavy__risk_light__defensive,mom_heavy,risk_light,defensive,0.35,0.45,0.2,-0.15,0.1,25,3,0.1,0.15,0.5,2020-02-04,2023-12-29,954,0.17313901925502617,0.04308267129763288,0.06710570600097177,0.6420120413755723,-0.08251586150534518,0.5221138155946186,2024-01-02,2024-12-31,243,0.06944067219467764,0.07210315611458284,0.054698576216204324,1.3181907300399247,-0.03097931433643608,2.327461328922289,0.8234032411785486
2020_2023_to_2024,mom_heavy__risk_balanced__balanced,mom_heavy,risk_balanced,balanced,0.35,0.45,0.2,-0.2,0.2,20,3,0.12,0.18,0.6,2020-02-04,2023-12-29,954,0.32230285424996863,0.0765883627302717,0.07068638726888961,1.0834952200758414,-0.06715353668847346,1.1404963387939875,2024-01-02,2024-12-31,243,0.06837057914667732,0.07099068783282148,0.046886544246903465,1.5140951198916717,-0.026273342218978257,2.7020044591640167,1.6869613618528074
2020_2023_to_2024,mom_heavy__risk_balanced__defensive,mom_heavy,risk_balanced,defensive,0.35,0.45,0.2,-0.2,0.2,25,3,0.1,0.15,0.5,2020-02-04,2023-12-29,954,0.1682966551973728,0.041943629958783646,0.06563217994302195,0.6390711080326247,-0.08243873132329971,0.5087854857238577,2024-01-02,2024-12-31,243,0.05614370948579683,0.058282578773814375,0.053136421947813615,1.0968480119164763,-0.03578704284489265,1.628594433645198,0.8080734890579121
2020_2023_to_2024,mom_heavy__risk_defensive__balanced,mom_heavy,risk_defensive,balanced,0.35,0.45,0.2,-0.25,0.2,20,3,0.12,0.18,0.6,2020-02-04,2023-12-29,954,0.29565419908404733,0.07081415561819027,0.06985646560823988,1.0137093968555635,-0.06662802251872424,1.0628284157508894,2024-01-02,2024-12-31,243,0.068292376384123,0.07090938989149076,0.04657500581058465,1.5224773171230794,-0.02582823358978259,2.7454215808061244,1.571776180728404
2020_2023_to_2024,mom_heavy__risk_defensive__defensive,mom_heavy,risk_defensive,defensive,0.35,0.45,0.2,-0.25,0.2,25,3,0.1,0.15,0.5,2020-02-04,2023-12-29,954,0.1721146826773301,0.04284201143425426,0.06506417149353484,0.658457803285965,-0.08195202417943215,0.5227694112893736,2024-01-02,2024-12-31,243,0.05546977479016668,0.05758227643021585,0.05291686079989378,1.0881650112988455,-0.035183213702872695,1.636640612665644,0.8324433065597672
2020_2023_to_2024,hit_quality__risk_light__balanced,hit_quality,risk_light,balanced,0.4,0.3,0.3,-0.15,0.1,20,3,0.12,0.18,0.6,2020-02-04,2023-12-29,954,0.3754954656938121,0.0878627810939796,0.0723043623901641,1.2151795298305816,-0.06402571430078985,1.3723045818935236,2024-01-02,2024-12-31,243,0.0629448112947888,0.06535069779105518,0.06221204174207971,1.0504509410250156,-0.03812467572678091,1.7141312429616073,1.9918128802054094
2020_2023_to_2024,hit_quality__risk_light__defensive,hit_quality,risk_light,defensive,0.4,0.3,0.3,-0.15,0.1,25,3,0.1,0.15,0.5,2020-02-04,2023-12-29,954,0.20609869150735083,0.05074505696815823,0.06719055906782688,0.7552408801500312,-0.08187265399663857,0.6198047148959122,2024-01-02,2024-12-31,243,0.0816835187662388,0.08483373860186894,0.05993290643776891,1.4154784682427457,-0.033590845247559065,2.5255017543219913,0.9818613564566877
2020_2023_to_2024,hit_quality__risk_balanced__balanced,hit_quality,risk_balanced,balanced,0.4,0.3,0.3,-0.2,0.2,20,3,0.12,0.18,0.6,2020-02-04,2023-12-29,954,0.3242140527376385,0.07699917734619,0.0706296261754494,1.0901824279080585,-0.06785519563241948,1.1347572817165639,2024-01-02,2024-12-31,243,0.07026565045117206,0.07296083130884456,0.05191750065713769,1.4053224902076216,-0.03277635101436838,2.2260205621077302,1.6844204865274786
2020_2023_to_2024,hit_quality__risk_balanced__defensive,hit_quality,risk_balanced,defensive,0.4,0.3,0.3,-0.2,0.2,25,3,0.1,0.15,0.5,2020-02-04,2023-12-29,954,0.17757092655572237,0.044122135013168196,0.06527524325491678,0.6759398021828857,-0.08189088933277355,0.5387917431678212,2024-01-02,2024-12-31,243,0.08048181610707505,0.08358392478345933,0.059254578322116974,1.4105901543857808,-0.03483053466977104,2.399731315523006,0.8578772670994614
2020_2023_to_2024,hit_quality__risk_defensive__balanced,hit_quality,risk_defensive,balanced,0.4,0.3,0.3,-0.25,0.2,20,3,0.12,0.18,0.6,2020-02-04,2023-12-29,954,0.3090138464467014,0.07371972488630885,0.06869995506829556,1.0730680218498407,-0.06866208496028503,1.073659865250949,2024-01-02,2024-12-31,243,0.06703034127500751,0.06959743532139484,0.04897082250277713,1.4212020906417893,-0.03187068126445913,2.1837448262835544,1.6127226961388814
2020_2023_to_2024,hit_quality__risk_defensive__defensive,hit_quality,risk_defensive,defensive,0.4,0.3,0.3,-0.25,0.2,25,3,0.1,0.15,0.5,2020-02-04,2023-12-29,954,0.17551396260907204,0.043640051386940604,0.06404134174147998,0.6814356195581497,-0.08213876377224005,0.5312966665525757,2024-01-02,2024-12-31,243,0.07071923197323904,0.07343240037666021,0.0559475743913282,1.3125216093021923,-0.03493667286535096,2.10187159663644,0.8527651201390007
2020_2023_to_2024,eff_heavy__risk_light__balanced,eff_heavy,risk_light,balanced,0.55,0.3,0.15,-0.15,0.1,20,3,0.12,0.18,0.6,2020-02-04,2023-12-29,954,0.36912696023344216,0.08653003992165198,0.07347136699517047,1.1777382599583304,-0.06509764186957911,1.3292346302652858,2024-01-02,2024-12-31,243,0.05013748802810247,0.052041949048978964,0.06537566311892239,0.7960446833909957,-0.04442051119037649,1.1715747445124771,1.9288199592704873
2020_2023_to_2024,eff_heavy__risk_light__defensive,eff_heavy,risk_light,defensive,0.55,0.3,0.15,-0.15,0.1,25,3,0.1,0.15,0.5,2020-02-04,2023-12-29,954,0.2058142288829461,0.05067958889216939,0.06654415432595281,0.7615934022382473,-0.08178087854086413,0.6196997366180885,2024-01-02,2024-12-31,243,0.07527438798905983,0.07816860859522201,0.060669345876694945,1.2884366472994906,-0.035954255105725474,2.174112865510992,0.9849457929128649
2020_2023_to_2024,eff_heavy__risk_balanced__balanced,eff_heavy,risk_balanced,balanced,0.55,0.3,0.15,-0.2,0.2,20,3,0.12,0.18,0.6,2020-02-04,2023-12-29,954,0.3275349500505702,0.07771197205752944,0.07183578826649005,1.0818002270573053,-0.06521984101286726,1.1915388147327375,2024-01-02,2024-12-31,243,0.051498849693607074,0.05345632577340709,0.06196295492904207,0.8627142755638995,-0.04431467931922084,1.2062893513983117,1.7386849937837212
2020_2023_to_2024,eff_heavy__risk_balanced__defensive,eff_heavy,risk_balanced,defensive,0.55,0.3,0.15,-0.2,0.2,25,3,0.1,0.15,0.5,2020-02-04,2023-12-29,954,0.1953375496645433,0.04826046117287763,0.06598764299304843,0.7313560385534865,-0.08189872918053054,0.5892699637194175,2024-01-02,2024-12-31,243,0.07880309172390731,0.08183807748577077,0.060062262156052294,1.3625540322331031,-0.036185692204344644,2.261614259680926,0.9381288489923343
2020_2023_to_2024,eff_heavy__risk_defensive__balanced,eff_heavy,risk_defensive,balanced,0.55,0.3,0.15,-0.25,0.2,20,3,0.12,0.18,0.6,2020-02-04,2023-12-29,954,0.33195407990805603,0.07865845864973342,0.0705717955974799,1.114587746900722,-0.06460832938333982,1.2174662214685994,2024-01-02,2024-12-31,243,0.053735781623909684,0.05578051704947207,0.05997697622646126,0.9300321649903758,-0.04216933442605464,1.322774423847858,1.781785159552157
2020_2023_to_2024,eff_heavy__risk_defensive__defensive,eff_heavy,risk_defensive,defensive,0.55,0.3,0.15,-0.25,0.2,25,3,0.1,0.15,0.5,2020-02-04,2023-12-29,954,0.1872188481778123,0.04637505217302329,0.06549493097088585,0.7080708611424932,-0.08094572146744972,0.5729154219926479,2024-01-02,2024-12-31,243,0.08180179170095125,0.08495674947198362,0.05789092587137955,1.4675313651182254,-0.03555483780424007,2.38945681428062,0.9096655179166813
2020_2024_to_2025,base__risk_light__balanced,base,risk_light,balanced,0.45,0.35,0.2,-0.15,0.1,20,3,0.12,0.18,0.6,2020-02-04,2024-12-31,1198,0.48416184102624715,0.08660371001397693,0.07075017166296955,1.2240777368926876,-0.0640257143007894,1.3526394974231337,2025-01-02,2025-12-31,243,0.291866127726951,0.3041774250586715,0.13689939361252706,2.221904838523971,-0.07642885481804229,3.9798767858401223,1.9759673637260713
2020_2024_to_2025,base__risk_light__defensive,base,risk_light,defensive,0.45,0.35,0.2,-0.15,0.1,25,3,0.1,0.15,0.5,2020-02-04,2024-12-31,1198,0.30043630772347285,0.056814360322478,0.06473178932665109,0.8776887046298075,-0.08176264108478981,0.6948694363182343,2025-01-02,2025-12-31,243,0.3812323176127508,0.39785394160532417,0.1269040653834252,3.1350764091225676,-0.05539463243801013,7.182174952610188,1.121239648251982
2020_2024_to_2025,base__risk_balanced__balanced,base,risk_balanced,balanced,0.45,0.35,0.2,-0.2,0.2,20,3,0.12,0.18,0.6,2020-02-04,2024-12-31,1198,0.42085892873780706,0.07668629182647857,0.0689167600314339,1.1127379144275047,-0.06637830943911593,1.1552914268902466,2025-01-02,2025-12-31,243,0.31801015784827147,0.3315583208070991,0.13380752828508263,2.4778749376544793,-0.07642885481804218,4.33813016819964,1.7168143752976803
2020_2024_to_2025,base__risk_balanced__defensive,base,risk_balanced,defensive,0.45,0.35,0.2,-0.2,0.2,25,3,0.1,0.15,0.5,2020-02-04,2024-12-31,1198,0.26031161338648956,0.049870162100654314,0.06437363644791147,0.7746985389120781,-0.08171666823166446,0.6102813927664525,2025-01-02,2025-12-31,243,0.35387402037536586,0.3691515527636451,0.1212616596578222,3.04425614662806,-0.05573747259738904,6.623040758057939,0.9817074091569864
2020_2024_to_2025,base__risk_defensive__balanced,base,risk_defensive,balanced,0.45,0.35,0.2,-0.25,0.2,20,3,0.12,0.18,0.6,2020-02-04,2024-12-31,1198,0.3905782056889191,0.07181847799566987,0.06593800980587129,1.0891817664365564,-0.07083073616883773,1.0139451018054886,2025-01-02,2025-12-31,243,0.32160438107544165,0.33532416771939677,0.13194425757134498,2.5414078179043154,-0.07680212297929556,4.366079409156359,1.5590298559371827
2020_2024_to_2025,base__risk_defensive__defensive,base,risk_defensive,defensive,0.45,0.35,0.2,-0.25,0.2,25,3,0.1,0.15,0.5,2020-02-04,2024-12-31,1198,0.2496669216918821,0.04799867162108851,0.0627707445664024,0.7646662780989133,-0.08178087854086347,0.586918023839827,2025-01-02,2025-12-31,243,0.3180257020194275,0.3315746063922298,0.110933263792772,2.988955657264579,-0.050672466623746026,6.543486601002526,0.9523600594293962
2020_2024_to_2025,mom_heavy__risk_light__balanced,mom_heavy,risk_light,balanced,0.35,0.45,0.2,-0.15,0.1,20,3,0.12,0.18,0.6,2020-02-04,2024-12-31,1198,0.4206848375257677,0.07665854075186695,0.06954380014577588,1.1023058934251126,-0.0639848525380955,1.198073258139116,2025-01-02,2025-12-31,243,0.26747503961647334,0.2786508935808778,0.14255081559019644,1.9547478029304328,-0.07642885481804207,3.645886023600323,1.755563048958558
2020_2024_to_2025,mom_heavy__risk_light__defensive,mom_heavy,risk_light,defensive,0.35,0.45,0.2,-0.15,0.1,25,3,0.1,0.15,0.5,2020-02-04,2024-12-31,1198,0.25396659134775046,0.048756125353162316,0.0647567839323862,0.7529114695391532,-0.08251586150534518,0.5908697366021443,2025-01-02,2025-12-31,243,0.3037202176586451,0.3165898097439406,0.12955139750540623,2.4437390552327245,-0.057621727292979874,5.494278367155285,0.9504456032956294
2020_2024_to_2025,mom_heavy__risk_balanced__balanced,mom_heavy,risk_balanced,balanced,0.35,0.45,0.2,-0.2,0.2,20,3,0.12,0.18,0.6,2020-02-04,2024-12-31,1198,0.41157659218661236,0.07520287778023782,0.06652136215448852,1.1305071836260274,-0.06715353668847346,1.119864738161229,2025-01-02,2025-12-31,243,0.2833587999015441,0.29527202313791734,0.13980469957221797,2.1120321708884378,-0.07642885481804218,3.863357940412499,1.689143000520125
2020_2024_to_2025,mom_heavy__risk_balanced__defensive,mom_heavy,risk_balanced,defensive,0.35,0.45,0.2,-0.2,0.2,25,3,0.1,0.15,0.5,2020-02-04,2024-12-31,1198,0.2330662926173308,0.0450547603563054,0.06327122245489986,0.7120892976016187,-0.08243873132329971,0.5465241838768029,2025-01-02,2025-12-31,243,0.28756032632372097,0.2996698746316222,0.11445190118500426,2.6183040345238546,-0.05126155970680424,5.845898492859266,0.8838768471941151
2020_2024_to_2025,mom_heavy__risk_defensive__balanced,mom_heavy,risk_defensive,balanced,0.35,0.45,0.2,-0.25,0.2,20,3,0.12,0.18,0.6,2020-02-04,2024-12-31,1198,0.382755292704819,0.07054730444197399,0.06577511285946744,1.0725531492846334,-0.06662802251872424,1.0588233265087272,2025-01-02,2025-12-31,243,0.2754846743231283,0.28703140004864025,0.12799408210629568,2.242536493290903,-0.07680212297929534,3.7372847118564607,1.5970595421126688
2020_2024_to_2025,mom_heavy__risk_defensive__defensive,mom_heavy,risk_defensive,defensive,0.35,0.45,0.2,-0.25,0.2,25,3,0.1,0.15,0.5,2020-02-04,2024-12-31,1198,0.23610784630203585,0.04559647339433415,0.06276499668083049,0.7264634080393426,-0.08195202417943215,0.5563800754268335,2025-01-02,2025-12-31,243,0.28956269099602094,0.3017659910934365,0.10918149165561998,2.7638932800558003,-0.048188656149206865,6.262179010742204,0.9014340040539559
2020_2024_to_2025,hit_quality__risk_light__balanced,hit_quality,risk_light,balanced,0.4,0.3,0.3,-0.15,0.1,20,3,0.12,0.18,0.6,2020-02-04,2024-12-31,1198,0.46130379221312756,0.08306186095686963,0.07034657354844696,1.18075205041317,-0.06402571430078985,1.2973203323690985,2025-01-02,2025-12-31,243,0.29695659824563436,0.30950712808173453,0.1334733027357242,2.3188691801127868,-0.07731949837442686,4.002963477374329,1.8972144309037233
2020_2024_to_2025,hit_quality__risk_light__defensive,hit_quality,risk_light,defensive,0.4,0.3,0.3,-0.15,0.1,25,3,0.1,0.15,0.5,2020-02-04,2024-12-31,1198,0.30402999892455385,0.05742801036846901,0.06576012271820825,0.873295364951742,-0.08187265399663857,0.7014309120946148,2025-01-02,2025-12-31,243,0.36730706096876986,0.3832418903976713,0.12425174560258011,3.0843984407548897,-0.056075390849076534,6.834404265306742,1.1258562727564012
2020_2024_to_2025,hit_quality__risk_balanced__balanced,hit_quality,risk_balanced,balanced,0.4,0.3,0.3,-0.2,0.2,20,3,0.12,0.18,0.6,2020-02-04,2024-12-31,1198,0.41651250077978097,0.07599264308496179,0.0672265441475604,1.130396393992231,-0.06785519563241948,1.119923719572248,2025-01-02,2025-12-31,243,0.29349821407093035,0.3058861286078842,0.1309656001342365,2.3356219365570694,-0.07760727499588338,3.941462042367932,1.6891906402946346
2020_2024_to_2025,hit_quality__risk_balanced__defensive,hit_quality,risk_balanced,defensive,0.4,0.3,0.3,-0.2,0.2,25,3,0.1,0.15,0.5,2020-02-04,2024-12-31,1198,0.2722292227487537,0.05195069780722528,0.06407891117522034,0.8107300335545479,-0.08189088933277355,0.634389224863798,2025-01-02,2025-12-31,243,0.2963614624546045,0.3088839831470198,0.11151053836719656,2.769998133538608,-0.050746496388655915,6.086804117102931,1.0247841458782976
2020_2024_to_2025,hit_quality__risk_defensive__balanced,hit_quality,risk_defensive,balanced,0.4,0.3,0.3,-0.25,0.2,20,3,0.12,0.18,0.6,2020-02-04,2024-12-31,1198,0.39602000335232357,0.0726994091304407,0.06515368722679764,1.1158141960159014,-0.06866208496028503,1.0587999064183808,2025-01-02,2025-12-31,243,0.2641147111703521,0.2751355544737579,0.12679592954305038,2.1699084147677037,-0.0776072749958836,3.54522890397004,1.6187256665114096
2020_2024_to_2025,hit_quality__risk_defensive__defensive,hit_quality,risk_defensive,defensive,0.4,0.3,0.3,-0.25,0.2,25,3,0.1,0.15,0.5,2020-02-04,2024-12-31,1198,0.25829519261164147,0.049516607040046345,0.062461351084800186,0.7927559391538056,-0.08213876377224005,0.6028409092855276,2025-01-02,2025-12-31,243,0.27722064352662823,0.2888480076315234,0.10316433641567628,2.7998823786126894,-0.04599462990273662,6.280037653142141,0.9829078004963334
2020_2024_to_2025,eff_heavy__risk_light__balanced,eff_heavy,risk_light,balanced,0.55,0.3,0.15,-0.15,0.1,20,3,0.12,0.18,0.6,2020-02-04,2024-12-31,1198,0.4370124034343825,0.07924963809847219,0.07187748759279843,1.1025655007230997,-0.06509764186957911,1.2173964497400092,2025-01-02,2025-12-31,243,0.3285736836826576,0.3426273336170558,0.138724915991282,2.4698326985369214,-0.07614671479736856,4.499568162970783,1.7757551982160056
2020_2024_to_2025,eff_heavy__risk_light__defensive,eff_heavy,risk_light,defensive,0.55,0.3,0.15,-0.15,0.1,25,3,0.1,0.15,0.5,2020-02-04,2024-12-31,1198,0.29599769546996435,0.056054582511134265,0.06537084878495075,0.8574859215234603,-0.08178087854086413,0.6854240686974891,2025-01-02,2025-12-31,243,0.3575491944663849,0.37300604579081886,0.12624654989000442,2.9545840746999428,-0.05536642259471081,6.737044372927436,1.101303881444354
2020_2024_to_2025,eff_heavy__risk_balanced__balanced,eff_heavy,risk_balanced,balanced,0.55,0.3,0.15,-0.2,0.2,20,3,0.12,0.18,0.6,2020-02-04,2024-12-31,1198,0.3951644369285403,0.07256108786017945,0.06991868010926952,1.0377925862842428,-0.06521984101286726,1.1125615569327105,2025-01-02,2025-12-31,243,0.34655537428175487,0.361476970789262,0.13406619885283594,2.6962573257264806,-0.07524628185815418,4.8039180390424825,1.635128473498488
2020_2024_to_2025,eff_heavy__risk_balanced__defensive,eff_heavy,risk_balanced,defensive,0.55,0.3,0.15,-0.2,0.2,25,3,0.1,0.15,0.5,2020-02-04,2024-12-31,1198,0.2889535540018848,0.05484457532609155,0.06480704762518141,0.8462748626243722,-0.08189872918053054,0.6696633253636557,2025-01-02,2025-12-31,243,0.3631473304685746,0.378878068213347,0.11805697576423209,3.20928149955317,-0.0546929092870172,6.927370899673162,1.0792736797486222
2020_2024_to_2025,eff_heavy__risk_defensive__balanced,eff_heavy,risk_defensive,balanced,0.55,0.3,0.15,-0.25,0.2,20,3,0.12,0.18,0.6,2020-02-04,2024-12-31,1198,0.402786610867474,0.07379102938417414,0.0685282676062197,1.0767969476216088,-0.06460832938333982,1.1421287330670744,2025-01-02,2025-12-31,243,0.34574800014164464,0.3606304251805976,0.13281245988291052,2.7153357862548053,-0.07524628185815396,4.792667707627316,1.685118556878296
2020_2024_to_2025,eff_heavy__risk_defensive__defensive,eff_heavy,risk_defensive,defensive,0.55,0.3,0.15,-0.25,0.2,25,3,0.1,0.15,0.5,2020-02-04,2024-12-31,1198,0.2837575261352021,0.053948676959064246,0.06400477043758765,0.8428852504309924,-0.08094572146744972,0.6664796604568946,2025-01-02,2025-12-31,243,0.33768055561728283,0.3521726062910837,0.11105597217351663,3.171127129848005,-0.054748762320780076,6.43252178428544,1.0744237634181981
2020_2025_to_2026,base__risk_light__balanced,base,risk_light,balanced,0.45,0.35,0.2,-0.15,0.1,20,3,0.12,0.18,0.6,2020-02-04,2025-12-31,1441,0.9106694278028225,0.11988473252306409,0.0857004102552188,1.3988816642305817,-0.07642885481804218,1.5685794692132884,2026-01-05,2026-06-05,100,0.08798658489043998,0.23677677713283218,0.139783466821922,1.693882563625893,-0.04076152457967119,5.8088302529027285,2.2897482401810905
2020_2025_to_2026,base__risk_light__defensive,base,risk_light,defensive,0.45,0.35,0.2,-0.15,0.1,25,3,0.1,0.15,0.5,2020-02-04,2025-12-31,1441,0.7863092764028909,0.1067813079690485,0.07906281323599658,1.3505882677146117,-0.08176264108478981,1.3059914228836338,2026-01-05,2026-06-05,100,0.05317503395521572,0.13946607497791352,0.12260555048685041,1.1375184436929013,-0.04322957489668677,3.2261727141943872,1.9937948901830689
2020_2025_to_2026,base__risk_balanced__balanced,base,risk_balanced,balanced,0.45,0.35,0.2,-0.2,0.2,20,3,0.12,0.18,0.6,2020-02-04,2025-12-31,1441,0.8669841822223963,0.11536415559445135,0.0836463332927129,1.3791896315495953,-0.07642885481804207,1.5094319530117841,2026-01-05,2026-06-05,100,0.08389817138774247,0.2250984169568344,0.13106693498457847,1.7174309980112057,-0.038349513334482555,5.869655111227545,2.2184944191747866
2020_2025_to_2026,base__risk_balanced__defensive,base,risk_balanced,defensive,0.45,0.35,0.2,-0.2,0.2,25,3,0.1,0.15,0.5,2020-02-04,2025-12-31,1441,0.6994013308544085,0.09716974704509518,0.07725961978886788,1.2577041837720264,-0.08171666823166446,1.1891055906687442,2026-01-05,2026-06-05,100,0.04699003169299476,0.12267801469011275,0.11708944629922817,1.047729053023299,-0.04447563499158491,2.758319576849757,1.8256842219614728
2020_2025_to_2026,base__risk_defensive__balanced,base,risk_defensive,balanced,0.45,0.35,0.2,-0.25,0.2,20,3,0.12,0.18,0.6,2020-02-04,2025-12-31,1441,0.8339123481322244,0.11188344748907686,0.08111751536127862,1.3792760662203953,-0.07680212297929556,1.4567754529290626,2026-01-05,2026-06-05,100,0.08203152745874065,0.21978864470494086,0.1158702953835997,1.8968506464690498,-0.03232958116696438,6.798375876565002,2.1639541482941507
2020_2025_to_2026,base__risk_defensive__defensive,base,risk_defensive,defensive,0.45,0.35,0.2,-0.25,0.2,25,3,0.1,0.15,0.5,2020-02-04,2025-12-31,1441,0.6401355006304477,0.09037994945628669,0.07340072565188396,1.2313222880783186,-0.08178087854086347,1.1051476955108341,2026-01-05,2026-06-05,100,0.04569838699190165,0.11919103848747437,0.11305156855452671,1.0543068089319476,-0.040417267282290115,2.9490127982923044,1.725108375007705
2020_2025_to_2026,mom_heavy__risk_light__balanced,mom_heavy,risk_light,balanced,0.35,0.45,0.2,-0.15,0.1,20,3,0.12,0.18,0.6,2020-02-04,2025-12-31,1441,0.7939782201547134,0.10761079457627853,0.08642032438167171,1.245202391291891,-0.07642885481804207,1.4079864840638112,2026-01-05,2026-06-05,100,0.10293847122999877,0.2800567951094788,0.15561797467737365,1.7996429762698751,-0.05670286084928844,4.939024079470114,2.046178649588875
2020_2025_to_2026,mom_heavy__risk_light__defensive,mom_heavy,risk_light,defensive,0.35,0.45,0.2,-0.15,0.1,25,3,0.1,0.15,0.5,2020-02-04,2025-12-31,1441,0.6254758728755723,0.08866928483501524,0.07970819692631474,1.1124236685090803,-0.08251586150534518,1.0745726120701224,2026-01-05,2026-06-05,100,0.052895519536783286,0.13870413985085772,0.12538591368390517,1.1062178818629298,-0.053236672181195654,2.6054246850510507,1.6338611579894975
2020_2025_to_2026,mom_heavy__risk_balanced__balanced,mom_heavy,risk_balanced,balanced,0.35,0.45,0.2,-0.2,0.2,20,3,0.12,0.18,0.6,2020-02-04,2025-12-31,1441,0.805520353098476,0.10885371364478047,0.08365534167360951,1.301216532824469,-0.07642885481804218,1.4242489162494152,2026-01-05,2026-06-05,100,0.08619581838190626,0.23165331142341228,0.14506354999779192,1.5969091575860261,-0.051460393351306366,4.501584545651973,2.0910696120750187
2020_2025_to_2026,mom_heavy__risk_balanced__defensive,mom_heavy,risk_balanced,defensive,0.35,0.45,0.2,-0.2,0.2,25,3,0.1,0.15,0.5,2020-02-04,2025-12-31,1441,0.5792145162226203,0.08318614897118337,0.07463425097532657,1.1145840935508817,-0.08243873132329971,1.0090663409769434,2026-01-05,2026-06-05,100,0.050408112900809376,0.13193719225535872,0.12111533120530538,1.0893517025661181,-0.0488410818562256,2.701356875012406,1.566732096576326
2020_2025_to_2026,mom_heavy__risk_defensive__balanced,mom_heavy,risk_defensive,balanced,0.35,0.45,0.2,-0.25,0.2,20,3,0.12,0.18,0.6,2020-02-04,2025-12-31,1441,0.7578019576433761,0.10367191225087358,0.07988734849312461,1.2977262884096843,-0.07680212297929534,1.3498573767136868,2026-01-05,2026-06-05,100,0.08216881550183253,0.22017869427519088,0.1309854540643717,1.6809400390900344,-0.039457709916039474,5.580118429166329,2.012155415554318
2020_2025_to_2026,mom_heavy__risk_defensive__defensive,mom_heavy,risk_defensive,defensive,0.35,0.45,0.2,-0.25,0.2,25,3,0.1,0.15,0.5,2020-02-04,2025-12-31,1441,0.5872236441319318,0.08414483614386636,0.07291605485380477,1.1539960069503907,-0.08195202417943215,1.0267572642212364,2026-01-05,2026-06-05,100,0.046350165603673554,0.12094978857583039,0.11721545102155578,1.0318587483282204,-0.04884108185622549,2.4763945428537557,1.604851673678649
2020_2025_to_2026,hit_quality__risk_light__balanced,hit_quality,risk_light,balanced,0.4,0.3,0.3,-0.15,0.1,20,3,0.12,0.18,0.6,2020-02-04,2025-12-31,1441,0.8891973037963203,0.11767356299213416,0.08451097266431604,1.3924057348096375,-0.07731949837442686,1.5219131715300194,2026-01-05,2026-06-05,100,0.06937938121739773,0.18416481172279076,0.13079203900770484,1.4080735579934018,-0.03865869191001803,4.76386557909028,2.2382930712436915
2020_2025_to_2026,hit_quality__risk_light__defensive,hit_quality,risk_light,defensive,0.4,0.3,0.3,-0.15,0.1,25,3,0.1,0.15,0.5,2020-02-04,2025-12-31,1441,0.774010142040759,0.10544485604018505,0.07902937789569414,1.334248843251114,-0.08187265399663857,1.287913007492273,2026-01-05,2026-06-05,100,0.0330669203421361,0.08543471507650069,0.12023131729730566,0.7105862016402881,-0.0457212730685449,1.868598780012485,1.966823530139603
2020_2025_to_2026,hit_quality__risk_balanced__balanced,hit_quality,risk_balanced,balanced,0.4,0.3,0.3,-0.2,0.2,20,3,0.12,0.18,0.6,2020-02-04,2025-12-31,1441,0.8267164826241127,0.11111925206259987,0.08169455928085746,1.3601793441419197,-0.07760727499588338,1.4318148919478761,2026-01-05,2026-06-05,100,0.07722155052350788,0.2061704475566677,0.11003243048703912,1.8737243796587117,-0.03392688423441714,6.076904856105766,2.128660552552194
2020_2025_to_2026,hit_quality__risk_balanced__defensive,hit_quality,risk_balanced,defensive,0.4,0.3,0.3,-0.2,0.2,25,3,0.1,0.15,0.5,2020-02-04,2025-12-31,1441,0.6426196245877187,0.09066857631568626,0.07444145936033436,1.21798493869934,-0.08189088933277355,1.107187588929991,2026-01-05,2026-06-05,100,0.03494396178457326,0.09041150308428247,0.11293318103748626,0.8005751919293932,-0.041195485735831205,2.1946944299686684,1.7205689017711172
2020_2025_to_2026,hit_quality__risk_defensive__balanced,hit_quality,risk_defensive,balanced,0.4,0.3,0.3,-0.25,0.2,20,3,0.12,0.18,0.6,2020-02-04,2025-12-31,1441,0.761039309631973,0.1040271072058423,0.07911489017802961,1.3148865778838035,-0.0776072749958836,1.340429840003531,2026-01-05,2026-06-05,100,0.07159636447392526,0.19036103812417204,0.10534314241193629,1.807056764832207,-0.03706002346824466,5.136560107342761,2.011083045050412
2020_2025_to_2026,hit_quality__risk_defensive__defensive,hit_quality,risk_defensive,defensive,0.4,0.3,0.3,-0.25,0.2,25,3,0.1,0.15,0.5,2020-02-04,2025-12-31,1441,0.6006982150214384,0.08574876382254693,0.07117439942513229,1.204769755911257,-0.08213876377224005,1.0439500168314795,2026-01-05,2026-06-05,100,0.042418894403352114,0.11036696387875411,0.11049562688409435,0.9988355828283122,-0.038284494647322975,2.882811041270241,1.6481398948122614
2020_2025_to_2026,eff_heavy__risk_light__balanced,eff_heavy,risk_light,balanced,0.55,0.3,0.15,-0.15,0.1,20,3,0.12,0.18,0.6,2020-02-04,2025-12-31,1441,0.9031836464511074,0.11911619592434208,0.08701123631901782,1.368974869953746,-0.07614671479736856,1.564298554984521,2026-01-05,2026-06-05,100,0.0659684172440449,0.17466960267699916,0.13934428737249935,1.2535110406791712,-0.03958586155841626,4.412423926134382,2.270270730524881
2020_2025_to_2026,eff_heavy__risk_light__defensive,eff_heavy,risk_light,defensive,0.55,0.3,0.15,-0.15,0.1,25,3,0.1,0.15,0.5,2020-02-04,2025-12-31,1441,0.7518504442876408,0.10301751497249478,0.07927373828109384,1.2995162989186755,-0.08178087854086413,1.2596772841101134,2026-01-05,2026-06-05,100,0.043526918979468476,0.11334359454041842,0.11813817045824855,0.9594155225255957,-0.038858507585283864,2.9168282979386184,1.9200537517852665
2020_2025_to_2026,eff_heavy__risk_balanced__balanced,eff_heavy,risk_balanced,balanced,0.55,0.3,0.15,-0.2,0.2,20,3,0.12,0.18,0.6,2020-02-04,2025-12-31,1441,0.8744309410230748,0.11614087897251757,0.08443873918956103,1.375445442308023,-0.07524628185815407,1.5434766490051088,2026-01-05,2026-06-05,100,0.08276493117642247,0.22187319321238963,0.1191581456985751,1.8620060920857617,-0.0347791596431174,6.379486896437911,2.251646668716302
2020_2025_to_2026,eff_heavy__risk_balanced__defensive,eff_heavy,risk_balanced,defensive,0.55,0.3,0.15,-0.2,0.2,25,3,0.1,0.15,0.5,2020-02-04,2025-12-31,1441,0.7510882303491249,0.10293357345859122,0.07671981300922848,1.3416817562656147,-0.08189872918053054,1.2568396907807113,2026-01-05,2026-06-05,100,0.034840647892141474,0.09013721944397024,0.11423383866216444,0.7890588331758891,-0.0407974393114342,2.209384239924776,1.9381979910525489
2020_2025_to_2026,eff_heavy__risk_defensive__balanced,eff_heavy,risk_defensive,balanced,0.55,0.3,0.15,-0.25,0.2,20,3,0.12,0.18,0.6,2020-02-04,2025-12-31,1441,0.8835217453373401,0.1170856382354879,0.08314416182388415,1.408224410073416,-0.07524628185815407,1.5560322097536292,2026-01-05,2026-06-05,100,0.08003437497308519,0.21412303058981186,0.10920245852082157,1.9607894683889846,-0.034690868821876775,6.172316746785583,2.281064092979004
2020_2025_to_2026,eff_heavy__risk_defensive__defensive,eff_heavy,risk_defensive,defensive,0.55,0.3,0.15,-0.25,0.2,25,3,0.1,0.15,0.5,2020-02-04,2025-12-31,1441,0.7114678790564251,0.09852815084526778,0.0743221579863116,1.3256901241136507,-0.08094572146744972,1.2172125846687079,2026-01-05,2026-06-05,100,0.03915910191764427,0.10163761344209976,0.11188041507795302,0.9084486625410126,-0.03736528934995664,2.7201077580366095,1.8888488614144423
