date,wf_5factor_select,f3_baseline
2023-01-03,1.0,1.0
2023-01-04,0.9996976713225021,0.9996976713225021
2023-01-05,0.9970643779725693,0.9970643779725693
2023-01-06,0.9946151922935287,0.9946151922935287
2023-01-09,0.9972089886263499,0.9972089886263499
2023-01-10,0.9975593992388629,0.9975593992388629
2023-01-11,0.9987438498091847,0.9987438498091847
2023-01-12,1.0002422210689048,1.0002422210689048
2023-01-13,1.0015212439638088,1.0015212439638088
2023-01-16,1.003103497814863,1.003103497814863
2023-01-17,1.0033849574620908,1.0033849574620908
2023-01-18,1.0049713429039606,1.0049713429039606
2023-01-19,1.0059005041582263,1.0059005041582263
2023-01-20,1.0075356101296817,1.0075356101296817
2023-01-30,1.0082687430241746,1.0082687430241746
2023-01-31,1.0065392345562758,1.0065392345562758
2023-02-01,1.007432972040911,1.007432972040911
2023-02-02,1.0101239437360978,1.0101239437360978
2023-02-03,1.00414780432697,1.00414780432697
2023-02-06,0.9991629412799132,0.9991629412799132
2023-02-07,0.9960120937127777,0.9960120937127777
2023-02-08,0.9963533008235204,0.9963533008235204
2023-02-09,0.9969393857207735,0.9969393857207735
2023-02-10,0.9955310527597905,0.9955310527597905
2023-02-13,0.9966435919673008,0.9966435919673008
2023-02-14,0.9955879249915615,0.9955879249915615
2023-02-15,0.9943995120539336,0.9943995120539336
2023-02-16,0.9919678750718839,0.9919678750718839
2023-02-17,0.9923420065650966,0.9923420065650966
2023-02-20,0.9941140840818471,0.9941140840818471
2023-02-21,0.9957274395486753,0.9957274395486753
2023-02-22,0.9990245392727598,0.9990245392727598
2023-02-23,0.9964689539657273,0.9964689539657273
2023-02-24,0.9960462528043847,0.9960462528043847
2023-02-27,0.9933060033706169,0.9933060033706169
2023-02-28,0.9923493345777302,0.9923493345777302
2023-03-01,0.991572834559411,0.991572834559411
2023-03-02,0.9910711502241089,0.9910711502241089
2023-03-03,0.9935536704682302,0.9935536704682302
2023-03-06,0.9950743392218877,0.9950743392218877
2023-03-07,0.9921692587794123,0.9921692587794123
2023-03-08,0.9896455051192463,0.9896455051192463
2023-03-09,0.9897846355657026,0.9897846355657026
2023-03-10,0.9874875355015771,0.9874875355015771
2023-03-13,0.989991476947113,0.989991476947113
2023-03-14,0.9896834439406519,0.9896834439406519
2023-03-15,0.9871937209946726,0.9871937209946726
2023-03-16,0.9857065148574252,0.9857065148574252
2023-03-17,0.986667162066207,0.986667162066207
2023-03-20,0.9911877643868036,0.9911877643868036
2023-03-21,0.9927324360771675,0.9927324360771675
2023-03-22,0.9925514615795816,0.9925514615795816
2023-03-23,0.996578208684859,0.996578208684859
2023-03-24,0.9937481041602031,0.9937481041602031
2023-03-27,0.9946964166043113,0.9946964166043113
2023-03-28,0.9947821950681386,0.9947821950681386
2023-03-29,0.9959878538302266,0.9959878538302266
2023-03-30,0.9995064437533441,0.9995064437533441
2023-03-31,1.0020481566075339,1.0020481566075339
2023-04-03,1.0002101852784355,1.0002101852784355
2023-04-04,1.0019634115028784,1.0019634115028784
2023-04-06,1.0009296118930107,1.0009296118930107
2023-04-07,1.0065913068517582,1.0065913068517582
2023-04-10,0.9931119261518386,0.9931119261518386
2023-04-11,0.9989421549829341,0.9989421549829341
2023-04-12,1.0085940332483296,1.0085940332483296
2023-04-13,1.0049312701650415,1.0049312701650415
2023-04-14,1.0062838573975463,1.0062838573975463
2023-04-17,0.999660335857228,0.999660335857228
2023-04-18,1.0002534217655574,1.0002534217655574
2023-04-19,1.000206108311597,1.000206108311597
2023-04-20,1.0082947681322676,1.0082947681322676
2023-04-21,0.9984392225647852,0.9984392225647852
2023-04-24,1.0024161224353634,1.0024161224353634
2023-04-25,1.0058885366458314,1.0058885366458314
2023-04-26,1.0014813661654691,1.0014813661654691
2023-04-27,0.9950316630312902,0.9950316630312902
2023-04-28,1.0076685873265925,1.0076685873265925
2023-05-04,1.0123529992871867,1.0123529992871867
2023-05-05,1.0134041615058458,1.0134041615058458
2023-05-08,1.0153305121988938,1.0153305121988938
2023-05-09,1.0110107954098722,1.0110107954098722
2023-05-10,1.0080866315801282,1.0080866315801282
2023-05-11,1.0085719688637782,1.0085719688637782
2023-05-12,1.0051936947097833,1.0051936947097833
2023-05-15,1.0075429491546384,1.0075429491546384
2023-05-16,1.0049834772539321,1.0049834772539321
2023-05-17,1.0026314560095329,1.0026314560095329
2023-05-18,1.0049741202635218,1.0049741202635218
2023-05-19,1.0026793576583342,1.0026793576583342
2023-05-22,1.0032098212615723,1.0032098212615723
2023-05-23,1.0004117588127526,1.0004117588127526
2023-05-24,0.997559650050552,0.997559650050552
2023-05-25,0.9948142947656815,0.9948142947656815
2023-05-26,0.9969988421148792,0.9969988421148792
2023-05-29,0.9963383326919518,0.9963383326919518
2023-05-30,0.9992319269642298,0.9992319269642298
2023-05-31,0.9983577782168909,0.9983577782168909
2023-06-01,0.9999270988798016,0.9999270988798016
2023-06-02,1.000832541167418,1.000832541167418
2023-06-05,1.0010709630280061,1.0010709630280061
2023-06-06,0.99816260999485,0.99816260999485
2023-06-07,0.997208676455512,0.997208676455512
2023-06-08,0.9977558366794657,0.9977558366794657
2023-06-09,1.0012650816337507,1.0012650816337507
2023-06-12,1.0019310181628984,1.0019310181628984
2023-06-13,1.0037722438022525,1.0037722438022525
2023-06-14,1.0038275667229986,1.0038275667229986
2023-06-15,1.0053052477692401,1.0053052477692401
2023-06-16,1.0071351550715526,1.0071351550715526
2023-06-19,1.0090010836345498,1.0090010836345498
2023-06-20,1.0099722379381328,1.0099722379381328
2023-06-21,1.0071462346409878,1.0071462346409878
2023-06-26,1.0059984905870387,1.0059984905870387
2023-06-27,1.0075790680735728,1.0075790680735728
2023-06-28,1.0070876381465164,1.0070876381465164
2023-06-29,1.0076488961143506,1.0076488961143506
2023-06-30,1.010288413890499,1.010288413890499
2023-07-03,1.0121144995753133,1.0121144995753133
2023-07-04,1.0132571675308812,1.0132571675308812
2023-07-05,1.0111616668949652,1.0111616668949652
2023-07-06,1.0096856502718945,1.0096856502718945
2023-07-07,1.0085736949708792,1.0085736949708792
2023-07-10,1.0080759636904746,1.0080759636904746
2023-07-11,1.0116654479057021,1.0116654479057021
2023-07-12,1.0115314678819043,1.0115314678819043
2023-07-13,1.0149738180171466,1.0149738180171466
2023-07-14,1.0152712480229824,1.0152712480229824
2023-07-17,1.014957477812921,1.014957477812921
2023-07-18,1.0149049365811664,1.0149049365811664
2023-07-19,1.016145417320082,1.016145417320082
2023-07-20,1.013884061946628,1.013884061946628
2023-07-21,1.0129017505812896,1.0129017505812896
2023-07-24,1.0123406408344806,1.0123406408344806
2023-07-25,1.0168349320587329,1.0168349320587329
2023-07-26,1.0154825580251596,1.0154825580251596
2023-07-27,1.0163453110639136,1.0163453110639136
2023-07-28,1.0188759291215952,1.0188759291215952
2023-07-31,1.0200561943335722,1.0200561943335722
2023-08-01,1.0194355247319318,1.0194355247319318
2023-08-02,1.0187856762211356,1.0187856762211356
2023-08-03,1.0188637133683647,1.0188637133683647
2023-08-04,1.0196286924318847,1.0196286924318847
2023-08-07,1.018623852713632,1.018623852713632
2023-08-08,1.0177862145519019,1.0177862145519019
2023-08-09,1.017876106211928,1.017876106211928
2023-08-10,1.0188729304038358,1.0188729304038358
2023-08-11,1.0164734894393699,1.0164734894393699
2023-08-14,1.0158187687767235,1.0158187687767235
2023-08-15,1.0162971648717747,1.0162971648717747
2023-08-16,1.0161784100134974,1.0161784100134974
2023-08-17,1.0163835584780099,1.0163835584780099
2023-08-18,1.01556122840184,1.01556122840184
2023-08-21,1.014765878638424,1.014765878638424
2023-08-22,1.0165342043060368,1.0165342043060368
2023-08-23,1.0153425230468727,1.0153425230468727
2023-08-24,1.01615315625567,1.01615315625567
2023-08-25,1.0161520273420106,1.0161520273420106
2023-08-28,1.0184524198947342,1.0184524198947342
2023-08-29,1.0192241852623938,1.0192241852623938
2023-08-30,1.0187611377393837,1.0187611377393837
2023-08-31,1.018387839710455,1.018387839710455
2023-09-01,1.0184893995718043,1.0184893995718043
2023-09-04,1.0193397815868477,1.0193397815868477
2023-09-05,1.018076259341699,1.018076259341699
2023-09-06,1.0175081576121214,1.0175081576121214
2023-09-07,1.0168117718745624,1.0168117718745624
2023-09-08,1.01658648618228,1.01658648618228
2023-09-11,1.017681565152472,1.017681565152472
2023-09-12,1.017704472727534,1.017704472727534
2023-09-13,1.0163140702128441,1.0163140702128441
2023-09-14,1.0178325728778574,1.0178325728778574
2023-09-15,1.0165797928330493,1.0165797928330493
2023-09-18,1.0157742093840993,1.0157742093840993
2023-09-19,1.0157006322426634,1.0157006322426634
2023-09-20,1.0155781879799424,1.0155781879799424
2023-09-21,1.014268899784538,1.014268899784538
2023-09-22,1.0158614919063746,1.0158614919063746
2023-09-25,1.0158176394465404,1.0158176394465404
2023-09-26,1.0147300582600598,1.0147300582600598
2023-09-27,1.0115423963617678,1.0115423963617678
2023-09-28,1.0077304592146128,1.0077304592146128
2023-10-09,1.0024470543354398,1.0024470543354398
2023-10-10,1.0001807096361,1.0001807096361
2023-10-11,1.0006412717863138,1.0006412717863138
2023-10-12,1.0029122998298836,1.0029122998298836
2023-10-13,1.0023061842817658,1.0023061842817658
2023-10-16,1.002487663991932,1.002487663991932
2023-10-17,1.0032356721505145,1.0032356721505145
2023-10-18,1.0018467811318814,1.0018467811318814
2023-10-19,0.9973528788951763,0.9973528788951763
2023-10-20,0.9958783158008067,0.9958783158008067
2023-10-23,0.9931915709877343,0.9931915709877343
2023-10-24,0.994054808709254,0.994054808709254
2023-10-25,0.9938305718619225,0.9938305718619225
2023-10-26,0.9950886856590294,0.9950886856590294
2023-10-27,0.9979153161573033,0.9979153161573033
2023-10-30,0.9975523550728871,0.9975523550728871
2023-10-31,0.9974733356894409,0.9974733356894409
2023-11-01,0.996047995052647,0.996047995052647
2023-11-02,0.9952346243901804,0.9952346243901804
2023-11-03,0.9995001332168941,0.9995001332168941
2023-11-06,1.0049774708401322,1.0049774708401322
2023-11-07,1.0047253584401954,1.0047253584401954
2023-11-08,1.0044378681769708,1.0044378681769708
2023-11-09,1.0019338094814865,1.0019338094814865
2023-11-10,1.0014489426376394,1.0014489426376394
2023-11-13,1.001416520348103,1.001416520348103
2023-11-14,1.0029097644822933,1.0029097644822933
2023-11-15,1.0044841889222416,1.0044841889222416
2023-11-16,1.001207465010304,1.001207465010304
2023-11-17,1.0021061093933257,1.0021061093933257
2023-11-20,1.0001740997062378,1.0001740997062378
2023-11-21,0.9983411572086971,0.9983411572086971
2023-11-22,0.9955580596498464,0.9955580596498464
2023-11-23,0.9972334359692898,0.9972334359692898
2023-11-24,0.9951896471770132,0.9951896471770132
2023-11-27,0.9972836603261115,0.9972836603261115
2023-11-28,0.998241701036242,0.998241701036242
2023-11-29,0.9984852674657231,0.9984852674657231
2023-11-30,0.998257097492701,0.998257097492701
2023-12-01,0.9983041423206578,0.9983041423206578
2023-12-04,0.9981135382114924,0.9981135382114924
2023-12-05,0.9919681825621159,0.9919681825621159
2023-12-06,0.993173602321367,0.993173602321367
2023-12-07,0.9947581325740978,0.9947581325740978
2023-12-08,0.9972739046427774,0.9972739046427774
2023-12-11,1.0014577508712468,1.0014577508712468
2023-12-12,1.0021556115141632,1.0021556115141632
2023-12-13,0.9996054556461406,0.9996054556461406
2023-12-14,0.9988287213565877,0.9988287213565877
2023-12-15,0.9981206187677943,0.9981206187677943
2023-12-18,0.9951640142571635,0.9951640142571635
2023-12-19,0.9969237628618342,0.9969237628618342
2023-12-20,0.9925069781976513,0.9925069781976513
2023-12-21,0.994841893547786,0.994841893547786
2023-12-22,0.9898305894392242,0.9898305894392242
2023-12-25,0.9888714194729762,0.9888714194729762
2023-12-26,0.9853273533479502,0.9853273533479502
2023-12-27,0.9869022789181818,0.9869022789181818
2023-12-28,0.9903979183804539,0.9903979183804539
2023-12-29,0.9939586930139933,0.9939586930139933
2024-01-02,0.9939586930139933,0.9939586930139933
2024-01-03,0.9925516295669519,0.9925516295669519
2024-01-04,0.9921385889461009,0.9921385889461009
2024-01-05,0.9910599352657931,0.9910599352657931
2024-01-08,0.9894048049815644,0.9894048049815644
2024-01-09,0.9886929569364316,0.9886929569364316
2024-01-10,0.9883503155804764,0.9883503155804764
2024-01-11,0.9880707966391337,0.9880707966391337
2024-01-12,0.9880854504851924,0.9880854504851924
2024-01-15,0.9890324917415642,0.9890324917415642
2024-01-16,0.9885915342537678,0.9885915342537678
2024-01-17,0.98668493468374,0.98668493468374
2024-01-18,0.9844219176225284,0.9844219176225284
2024-01-19,0.986442252748253,0.986442252748253
2024-01-22,0.9864478592633337,0.9864478592633337
2024-01-23,0.9865832801239041,0.9865832801239041
2024-01-24,0.9874093424068473,0.9874093424068473
2024-01-25,0.9867339630582873,0.9867339630582873
2024-01-26,0.9876575242378318,0.9876575242378318
2024-01-29,0.9860834637641507,0.9860834637641507
2024-01-30,0.9861922419051791,0.9861922419051791
2024-01-31,0.9871113417201186,0.9871113417201186
2024-02-01,0.9869156770846175,0.9869156770846175
2024-02-02,0.9877501606704278,0.9877501606704278
2024-02-05,0.9883012738855067,0.9883012738855067
2024-02-06,0.989004593933313,0.989004593933313
2024-02-07,0.9902671952621969,0.9902671952621969
2024-02-08,0.9903454910182307,0.9903454910182307
2024-02-19,0.992383505923224,0.992383505923224
2024-02-20,0.9925834557357048,0.9925834557357048
2024-02-21,0.9943228358438265,0.9943228358438265
2024-02-22,0.9968017694908256,0.9968017694908256
2024-02-23,0.9968579385240375,0.9968579385240375
2024-02-26,0.9950403572726801,0.9950403572726801
2024-02-27,0.9955987108065406,0.9955987108065406
2024-02-28,0.9952385975105766,0.9952385975105766
2024-02-29,0.9963086684567846,0.9963086684567846
2024-03-01,0.9968756878939145,0.9968756878939145
2024-03-04,0.9980355794426771,0.9980355794426771
2024-03-05,0.9997528800811014,0.9997528800811014
2024-03-06,0.9989577059716385,0.9989577059716385
2024-03-07,0.9991436750404701,0.9991436750404701
2024-03-08,1.0010626611396445,1.0010626611396445
2024-03-11,1.0001595632770193,1.0001595632770193
2024-03-12,0.9989240744588447,0.9989240744588447
2024-03-13,0.9972745125699727,0.9972745125699727
2024-03-14,0.9969289461221367,0.9969289461221367
2024-03-15,0.997326427013447,0.997326427013447
2024-03-18,0.9992532934184075,0.9992532934184075
2024-03-19,0.9987372182857795,0.9987372182857795
2024-03-20,0.9996802924042266,0.9996802924042266
2024-03-21,1.0013220392546691,1.0013220392546691
2024-03-22,1.0003440368317345,1.0003440368317345
2024-03-25,0.999358079476965,0.999358079476965
2024-03-26,1.000473946113727,1.000473946113727
2024-03-27,0.9999605953598631,0.9999605953598631
2024-03-28,1.000331743783892,1.000331743783892
2024-03-29,1.002455645661098,1.002455645661098
2024-04-01,1.0037288439722885,1.0037288439722885
2024-04-02,1.0040851181983885,1.0040851181983885
2024-04-03,1.0065316381729958,1.0065316381729958
2024-04-08,1.0092960325594318,1.0092960325594318
2024-04-09,1.0098509465265044,1.0098509465265044
2024-04-10,1.0104430088602525,1.0104430088602525
2024-04-11,1.0099238490452798,1.0099238490452798
2024-04-12,1.0116008662915235,1.0116008662915235
2024-04-15,1.0115321740439074,1.0115321740439074
2024-04-16,1.0091669803514256,1.0091669803514256
2024-04-17,1.0097882820562727,1.0097882820562727
2024-04-18,1.0105485690786515,1.0105485690786515
2024-04-19,1.0102461917749515,1.0102461917749515
2024-04-22,1.0093835213334417,1.0093835213334417
2024-04-23,1.0061055593673291,1.0061055593673291
2024-04-24,1.0080914508183902,1.0080914508183902
2024-04-25,1.007708983013135,1.007708983013135
2024-04-26,1.011374950805515,1.011374950805515
2024-04-29,1.0107406621804806,1.0107406621804806
2024-04-30,1.0099877498394316,1.0099877498394316
2024-05-06,1.0117786513727267,1.0117786513727267
2024-05-07,1.0132868401684116,1.0132868401684116
2024-05-08,1.0110518256998666,1.0110518256998666
2024-05-09,1.0141429123327963,1.0141429123327963
2024-05-10,1.0231791830448438,1.0231791830448438
2024-05-13,1.0252828859295888,1.0252828859295888
2024-05-14,1.0238777033486586,1.0238777033486586
2024-05-15,1.0247618686768623,1.0247618686768623
2024-05-16,1.0310684840037305,1.0310684840037305
2024-05-17,1.0349802810393838,1.0349802810393838
2024-05-20,1.0395237052552975,1.0395237052552975
2024-05-21,1.0369219063586985,1.0369219063586985
2024-05-22,1.0361612106268283,1.0361612106268283
2024-05-23,1.0296012211241419,1.0296012211241419
2024-05-24,1.0264687933242278,1.0264687933242278
2024-05-27,1.0301680216775193,1.0301680216775193
2024-05-28,1.030645960516454,1.030645960516454
2024-05-29,1.027374314271618,1.027374314271618
2024-05-30,1.023473870994781,1.023473870994781
2024-05-31,1.0211385394185934,1.0211385394185934
2024-06-03,1.0205845280253032,1.0205845280253032
2024-06-04,1.020934161596198,1.020934161596198
2024-06-05,1.0204008455708122,1.0204008455708122
2024-06-06,1.0228618332563173,1.0228618332563173
2024-06-07,1.0251773056127735,1.0251773056127735
2024-06-11,1.0194046264803627,1.0194046264803627
2024-06-12,1.0218460900140016,1.0218460900140016
2024-06-13,1.0213641585501896,1.0213641585501896
2024-06-14,1.0222022228100147,1.0222022228100147
2024-06-17,1.020308373512098,1.020308373512098
2024-06-18,1.020985647726448,1.020985647726448
2024-06-19,1.0232279740332404,1.0232279740332404
2024-06-20,1.0239740688945482,1.0239740688945482
2024-06-21,1.022718058603555,1.022718058603555
2024-06-24,1.0187312344934947,1.0187312344934947
2024-06-25,1.0203923164047772,1.0203923164047772
2024-06-26,1.0204400529666688,1.0204400529666688
2024-06-27,1.0207939620280346,1.0207939620280346
2024-06-28,1.0234897437625867,1.0234897437625867
2024-06-30,1.0234911816414374,1.0234911816414374
2024-07-01,1.021955560854661,1.021955560854661
2024-07-02,1.0226079461969397,1.0226079461969397
2024-07-03,1.025259553963329,1.025259553963329
2024-07-04,1.0257833679651147,1.0257833679651147
2024-07-05,1.0260182069629598,1.0260182069629598
2024-07-08,1.0267514150098689,1.0267514150098689
2024-07-09,1.0239046063854074,1.0239046063854074
2024-07-10,1.0245200437424036,1.0245200437424036
2024-07-11,1.0246185161531374,1.0246185161531374
2024-07-12,1.0240651400399863,1.0240651400399863
2024-07-15,1.0228224223727842,1.0228224223727842
2024-07-16,1.0246857174090296,1.0246857174090296
2024-07-17,1.0275547936457383,1.0275547936457383
2024-07-18,1.0265390919129298,1.0265390919129298
2024-07-19,1.020103641524599,1.020103641524599
2024-07-22,1.020717973338249,1.020717973338249
2024-07-23,1.018877416090912,1.018877416090912
2024-07-24,1.0208498701813857,1.0208498701813857
2024-07-25,1.0141548534926537,1.0141548534926537
2024-07-26,1.016132206358548,1.016132206358548
2024-07-29,1.016052893847445,1.016052893847445
2024-07-30,1.015003555668994,1.015003555668994
2024-07-31,1.0168564544003593,1.0168564544003593
2024-08-01,1.0191005896353882,1.0191005896353882
2024-08-02,1.014195068048175,1.014195068048175
2024-08-05,1.006651373499258,1.006651373499258
2024-08-06,1.0087020792757804,1.0087020792757804
2024-08-07,1.0087008082858089,1.0087008082858089
2024-08-08,1.0094156586419099,1.0094156586419099
2024-08-09,1.0092482010317516,1.0092482010317516
2024-08-12,1.009258645916084,1.009258645916084
2024-08-13,1.0121034442576502,1.0121034442576502
2024-08-14,1.0108307231284306,1.0108307231284306
2024-08-15,1.0133630800111626,1.0133630800111626
2024-08-16,1.0135469322050654,1.0135469322050654
2024-08-19,1.0148520929251104,1.0148520929251104
2024-08-20,1.0135323295108634,1.0135323295108634
2024-08-21,1.013504118410852,1.013504118410852
2024-08-22,1.0109450725656155,1.0109450725656155
2024-08-23,1.0120826582581852,1.0120826582581852
2024-08-26,1.0124551061041949,1.0124551061041949
2024-08-27,1.010931232395721,1.010931232395721
2024-08-28,1.011096247800196,1.011096247800196
2024-08-29,1.0121413935196075,1.0121413935196075
2024-08-30,1.0158925781356263,1.0158925781356263
2024-09-02,1.010407461167091,1.010407461167091
2024-09-03,1.0092631252317164,1.0092631252317164
2024-09-04,1.0069960567808915,1.0069960567808915
2024-09-05,1.0070092708068277,1.0070092708068277
2024-09-06,1.0064824291695778,1.0064824291695778
2024-09-09,1.0047215260394393,1.0047215260394393
2024-09-10,1.005533088266164,1.005533088266164
2024-09-11,1.005024806610724,1.005024806610724
2024-09-12,1.0067195535657048,1.0067195535657048
2024-09-13,1.0090796159954394,1.0090796159954394
2024-09-18,1.0115080899047149,1.0115080899047149
2024-09-19,1.0153374721543649,1.0153374721543649
2024-09-20,1.0168224686927234,1.0168224686927234
2024-09-23,1.0174873725557252,1.0174873725557252
2024-09-24,1.0246813632213332,1.0246813632213332
2024-09-25,1.026603457225773,1.026603457225773
2024-09-26,1.0350714571321358,1.0350714571321358
2024-09-27,1.039605096978581,1.039605096978581
2024-09-30,1.0439552226819349,1.0439552226819349
2024-10-08,1.0438468426410792,1.0438468426410792
2024-10-09,1.0193953582164006,1.0193953582164006
2024-10-10,1.0183691559920707,1.0183691559920707
2024-10-11,1.0131034999844384,1.0131034999844384
2024-10-14,1.0153956118717389,1.0153956118717389
2024-10-15,0.999964803913711,0.999964803913711
2024-10-16,1.0015123821387693,1.0015123821387693
2024-10-17,0.9990424868957186,0.9990424868957186
2024-10-18,1.025478861232809,1.025478861232809
2024-10-21,1.0239232706431123,1.0239232706431123
2024-10-22,1.0279412875610783,1.0279412875610783
2024-10-23,1.0295479237352319,1.0295479237352319
2024-10-24,1.0239162661722538,1.0239162661722538
2024-10-25,1.0269183837271814,1.0269183837271814
2024-10-28,1.0310931395570013,1.0310931395570013
2024-10-29,1.0314744662986086,1.0314744662986086
2024-10-30,1.0298812973683562,1.0298812973683562
2024-10-31,1.031609386306811,1.031609386306811
2024-11-01,1.024283385420767,1.024283385420767
2024-11-04,1.0267438693928042,1.0267438693928042
2024-11-05,1.038850316070672,1.038850316070672
2024-11-06,1.0439750715620075,1.0439750715620075
2024-11-07,1.0472142440541443,1.0472142440541443
2024-11-08,1.0475688931766822,1.0475688931766822
2024-11-11,1.056833490252938,1.056833490252938
2024-11-12,1.048667243939972,1.048667243939972
2024-11-13,1.0493954110213184,1.0493954110213184
2024-11-14,1.035770151077544,1.035770151077544
2024-11-15,1.0265228667834845,1.0265228667834845
2024-11-18,1.024519656279888,1.024519656279888
2024-11-19,1.035260197012082,1.035260197012082
2024-11-20,1.0363259710387547,1.0363259710387547
2024-11-21,1.0424557468821831,1.0424557468821831
2024-11-22,1.0382805419770662,1.0382805419770662
2024-11-25,1.0324570074180512,1.0324570074180512
2024-11-26,1.0271989092103095,1.0271989092103095
2024-11-27,1.0367641673305292,1.0367641673305292
2024-11-28,1.0344049635998338,1.0344049635998338
2024-11-29,1.042835319076636,1.042835319076636
2024-12-02,1.0433107952660607,1.0433107952660607
2024-12-03,1.0458320945084063,1.0458320945084063
2024-12-04,1.0466340033422408,1.0466340033422408
2024-12-05,1.0470230930218207,1.0470230930218207
2024-12-06,1.048470702404506,1.048470702404506
2024-12-09,1.048027101605368,1.048027101605368
2024-12-10,1.0501483772578648,1.0501483772578648
2024-12-11,1.0523977136439717,1.0523977136439717
2024-12-12,1.0550025229515447,1.0550025229515447
2024-12-13,1.0506821094594736,1.0506821094594736
2024-12-16,1.0512344440359445,1.0512344440359445
2024-12-17,1.050075004093777,1.050075004093777
2024-12-18,1.04652174165291,1.04652174165291
2024-12-19,1.0456188460742404,1.0456188460742404
2024-12-20,1.0463835077680335,1.0463835077680335
2024-12-23,1.0499907778955921,1.0499907778955921
2024-12-24,1.0526845417663084,1.0526845417663084
2024-12-25,1.0539136542457863,1.0539136542457863
2024-12-26,1.054983715363659,1.054983715363659
2024-12-27,1.0530140495505893,1.0530140495505893
2024-12-30,1.0513663500321684,1.0513663500321684
2024-12-31,1.0475444388716062,1.0475444388716062
2025-01-02,1.0475444388716062,1.0475444388716062
2025-01-03,1.0462387695110527,1.0462387695110527
2025-01-06,1.0457466627468843,1.0457466627468843
2025-01-07,1.047994468783773,1.047994468783773
2025-01-08,1.0473678138476161,1.0473678138476161
2025-01-09,1.047066875279045,1.047066875279045
2025-01-10,1.0437804953998668,1.0437804953998668
2025-01-13,1.0422528507440516,1.0422528507440516
2025-01-14,1.0485423743292128,1.0485423743292128
2025-01-15,1.0487036092350588,1.0487036092350588
2025-01-16,1.0510497220364066,1.0510497220364066
2025-01-17,1.0518576969219247,1.0518576969219247
2025-01-20,1.0537938589478726,1.0537938589478726
2025-01-21,1.0561808772108592,1.0561808772108592
2025-01-22,1.0545254250498688,1.0545254250498688
2025-01-23,1.0551118073035577,1.0551118073035577
2025-01-24,1.0590279342555045,1.0590279342555045
2025-01-27,1.0584748955862553,1.0584748955862553
2025-02-05,1.0583071328335287,1.0583071328335287
2025-02-06,1.0618990703884859,1.0618990703884859
2025-02-07,1.0628659029336738,1.0628659029336738
2025-02-10,1.0659899859169621,1.0659899859169621
2025-02-11,1.0661931928711403,1.0661931928711403
2025-02-12,1.068456270272679,1.068456270272679
2025-02-13,1.0689453475755042,1.0689453475755042
2025-02-14,1.0732175506286803,1.0732175506286803
2025-02-17,1.0711535203586442,1.0711535203586442
2025-02-18,1.0731437721868344,1.0731437721868344
2025-02-19,1.0741003530634428,1.0741003530634428
2025-02-20,1.0726255310599644,1.0726255310599644
2025-02-21,1.0752587610637423,1.0752587610637423
2025-02-24,1.0736427738328171,1.0736427738328171
2025-02-25,1.0712702011296578,1.0712702011296578
2025-02-26,1.074787990199612,1.074787990199612
2025-02-27,1.0732098613042138,1.0732098613042138
2025-02-28,1.067968227667539,1.067968227667539
2025-03-03,1.0695547957331286,1.0695547957331286
2025-03-04,1.0676723013243334,1.0676723013243334
2025-03-05,1.0804027198330564,1.0804027198330564
2025-03-06,1.1001509042712243,1.1001509042712243
2025-03-07,1.095041475368014,1.095041475368014
2025-03-10,1.0856146193537757,1.0856146193537757
2025-03-11,1.088566095391205,1.088566095391205
2025-03-12,1.0841923913146432,1.0841923913146432
2025-03-13,1.0780384501721167,1.0780384501721167
2025-03-14,1.0939550318751692,1.0939550318751692
2025-03-17,1.0945637189885054,1.0945637189885054
2025-03-18,1.1071393692737306,1.1071393692737306
2025-03-19,1.105782943445354,1.105782943445354
2025-03-20,1.0967281927838763,1.0967281927838763
2025-03-21,1.0792574122177179,1.0792574122177179
2025-03-24,1.0828960980259241,1.0828960980259241
2025-03-25,1.068958584587382,1.068958584587382
2025-03-26,1.0721434323054635,1.0721434323054635
2025-03-27,1.0788379728269266,1.0788379728269266
2025-03-28,1.0745698050709394,1.0745698050709394
2025-03-31,1.0675224804198926,1.0675224804198926
2025-04-01,1.068279753148932,1.068279753148932
2025-04-02,1.0686395870867622,1.0686395870867622
2025-04-03,1.067463617781917,1.067463617781917
2025-04-07,1.0444080765255659,1.0444080765255659
2025-04-08,1.0477845994499293,1.0477845994499293
2025-04-09,1.0487561991795087,1.0487561991795087
2025-04-10,1.0543568240445744,1.0543568240445744
2025-04-11,1.0585672365591157,1.0585672365591157
2025-04-14,1.0631655503606336,1.0631655503606336
2025-04-15,1.0640743210675911,1.0640743210675911
2025-04-16,1.0648978549263057,1.0648978549263057
2025-04-17,1.0661660724652335,1.0661660724652335
2025-04-18,1.0668439712595066,1.0668439712595066
2025-04-21,1.0685538101381675,1.0685538101381675
2025-04-22,1.0737950522150763,1.0737950522150763
2025-04-23,1.0703594431839112,1.0703594431839112
2025-04-24,1.0722280001585909,1.0722280001585909
2025-04-25,1.0712291950918749,1.0712291950918749
2025-04-28,1.0704291367986283,1.0704291367986283
2025-04-29,1.0708743447628557,1.0708743447628557
2025-04-30,1.0693833116731037,1.0693833116731037
2025-05-06,1.0712295016369504,1.0712295016369504
2025-05-07,1.0735968226425519,1.0735968226425519
2025-05-08,1.0733030385073006,1.0733030385073006
2025-05-09,1.0731721764116537,1.0731721764116537
2025-05-12,1.0717168712924483,1.0717168712924483
2025-05-13,1.073778846682017,1.073778846682017
2025-05-14,1.0749834447242963,1.0749834447242963
2025-05-15,1.071257457787355,1.071257457787355
2025-05-16,1.0715178873044058,1.0715178873044058
2025-05-19,1.0719050109022608,1.0719050109022608
2025-05-20,1.0723989829682907,1.0723989829682907
2025-05-21,1.074307749480514,1.074307749480514
2025-05-22,1.075115061982053,1.075115061982053
2025-05-23,1.0732456576047948,1.0732456576047948
2025-05-26,1.0731002493626096,1.0731002493626096
2025-05-27,1.0728786460529391,1.0728786460529391
2025-05-28,1.0720292593638525,1.0720292593638525
2025-05-29,1.0727672872106881,1.0727672872106881
2025-05-30,1.0729121051759025,1.0729121051759025
2025-06-03,1.0755776312733671,1.0755776312733671
2025-06-04,1.0773129111081106,1.0773129111081106
2025-06-05,1.0771620866149703,1.0771620866149703
2025-06-06,1.077272448065855,1.077272448065855
2025-06-09,1.0806179744988107,1.0806179744988107
2025-06-10,1.0818064031943386,1.0818064031943386
2025-06-11,1.0833909582316636,1.0833909582316636
2025-06-12,1.084851744914745,1.084851744914745
2025-06-13,1.083010804552513,1.083010804552513
2025-06-16,1.0849985400820528,1.0849985400820528
2025-06-17,1.0821155303611554,1.0821155303611554
2025-06-18,1.0815262989001555,1.0815262989001555
2025-06-19,1.0776530421633748,1.0776530421633748
2025-06-20,1.079283304390072,1.079283304390072
2025-06-23,1.0819060433634924,1.0819060433634924
2025-06-24,1.0857538553064228,1.0857538553064228
2025-06-25,1.089415569848715,1.089415569848715
2025-06-26,1.0881916843864725,1.0881916843864725
2025-06-27,1.0874734447763976,1.0874734447763976
2025-06-30,1.0879334658286224,1.0879334658286224
2025-07-01,1.0870760780926296,1.0870760780926296
2025-07-02,1.0804779432949434,1.0804779432949434
2025-07-03,1.0860690704565739,1.0860690704565739
2025-07-04,1.0836624193848758,1.0836624193848758
2025-07-07,1.0827373508158291,1.0827373508158291
2025-07-08,1.0951386213771213,1.0951386213771213
2025-07-09,1.091201242681339,1.091201242681339
2025-07-10,1.09307599574928,1.09307599574928
2025-07-11,1.10220125451486,1.10220125451486
2025-07-14,1.099761165905256,1.099761165905256
2025-07-15,1.1078648232800745,1.1078648232800745
2025-07-16,1.107727707952811,1.107727707952811
2025-07-17,1.11612070803972,1.11612070803972
2025-07-18,1.120296147358795,1.120296147358795
2025-07-21,1.1236446706971606,1.1236446706971606
2025-07-22,1.1246280415848857,1.1246280415848857
2025-07-23,1.1255300150521768,1.1255300150521768
2025-07-24,1.1382681421195173,1.1382681421195173
2025-07-25,1.143466199955199,1.143466199955199
2025-07-28,1.1474035707713794,1.1474035707713794
2025-07-29,1.1548969117441117,1.1548969117441117
2025-07-30,1.147993552433943,1.147993552433943
2025-07-31,1.1421867781394066,1.1421867781394066
2025-08-01,1.1339951330302476,1.1339951330302476
2025-08-04,1.1414883546737178,1.1414883546737178
2025-08-05,1.1541426935257257,1.1541426935257257
2025-08-06,1.1591089248098803,1.1591089248098803
2025-08-07,1.151590048998976,1.151590048998976
2025-08-08,1.139545114263446,1.139545114263446
2025-08-11,1.1511954675763287,1.1511954675763287
2025-08-12,1.162228153915339,1.162228153915339
2025-08-13,1.1927709162425832,1.1927709162425832
2025-08-14,1.193279230045324,1.193279230045324
2025-08-15,1.2125753476980152,1.2125753476980152
2025-08-18,1.2380698674580353,1.2380698674580353
2025-08-19,1.2345305537233782,1.2345305537233782
2025-08-20,1.242114862513159,1.242114862513159
2025-08-21,1.245990433915003,1.245990433915003
2025-08-22,1.292102171475094,1.292102171475094
2025-08-25,1.3220126733093407,1.3220126733093407
2025-08-26,1.3097687904680306,1.3097687904680306
2025-08-27,1.2970412064263555,1.2970412064263555
2025-08-28,1.332600595442395,1.332600595442395
2025-08-29,1.3329861664861755,1.3329861664861755
2025-09-01,1.3674334644094206,1.3674334644094206
2025-09-02,1.327382057004359,1.327382057004359
2025-09-03,1.320090451475404,1.320090451475404
2025-09-04,1.263711753885309,1.263711753885309
2025-09-05,1.3122438717354907,1.3122438717354907
2025-09-08,1.3057682114188134,1.3057682114188134
2025-09-09,1.2853786778484177,1.2853786778484177
2025-09-10,1.2974753583794423,1.2974753583794423
2025-09-11,1.3540907688642336,1.3540907688642336
2025-09-12,1.3575536352698196,1.3575536352698196
2025-09-15,1.3558708441322542,1.3558708441322542
2025-09-16,1.3623798295155254,1.3623798295155254
2025-09-17,1.3756635913020523,1.3756635913020523
2025-09-18,1.3676774927685136,1.3676774927685136
2025-09-19,1.364080598144339,1.364080598144339
2025-09-22,1.3877496373283056,1.3877496373283056
2025-09-23,1.3809039045279767,1.3809039045279767
2025-09-24,1.4043568258903916,1.4043568258903916
2025-09-25,1.4199562717786005,1.4199562717786005
2025-09-26,1.392334724823666,1.392334724823666
2025-09-29,1.421753957489999,1.421753957489999
2025-09-30,1.4357503051506035,1.4357503051506035
2025-10-09,1.4612325922273766,1.4612325922273766
2025-10-10,1.42032280079054,1.42032280079054
2025-10-13,1.431260319147932,1.431260319147932
2025-10-14,1.4077264175268098,1.4077264175268098
2025-10-15,1.4298484171429326,1.4298484171429326
2025-10-16,1.4311883553078393,1.4311883553078393
2025-10-17,1.4151254165932698,1.4151254165932698
2025-10-20,1.4195394475715253,1.4195394475715253
2025-10-21,1.4367901169258988,1.4367901169258988
2025-10-22,1.4146567990463863,1.4146567990463863
2025-10-23,1.4144676882213871,1.4144676882213871
2025-10-24,1.4318270049724875,1.4318270049724875
2025-10-27,1.4431622345852682,1.4431622345852682
2025-10-28,1.4290728193323958,1.4290728193323958
2025-10-29,1.449822000909431,1.449822000909431
2025-10-30,1.4405518460191382,1.4405518460191382
2025-10-31,1.4333213479462288,1.4333213479462288
2025-11-03,1.4296143999832938,1.4296143999832938
2025-11-04,1.4238805564211816,1.4238805564211816
2025-11-05,1.426078891675876,1.426078891675876
2025-11-06,1.4379794344977141,1.4379794344977141
2025-11-07,1.4386989761419258,1.4386989761419258
2025-11-10,1.4451344591396877,1.4451344591396877
2025-11-11,1.4484796534248423,1.4484796534248423
2025-11-12,1.449271137152732,1.449271137152732
2025-11-13,1.457341333600108,1.457341333600108
2025-11-14,1.447920752112395,1.447920752112395
2025-11-17,1.4451744249924336,1.4451744249924336
2025-11-18,1.433234233116761,1.433234233116761
2025-11-19,1.4381338007056321,1.4381338007056321
2025-11-20,1.4362903641241176,1.4362903641241176
2025-11-21,1.419034596238397,1.419034596238397
2025-11-24,1.4214440850645174,1.4214440850645174
2025-11-25,1.4294490436107703,1.4294490436107703
2025-11-26,1.4302156952295455,1.4302156952295455
2025-11-27,1.4311034825547797,1.4311034825547797
2025-11-28,1.4332599568084259,1.4332599568084259
2025-12-01,1.4351159138023026,1.4351159138023026
2025-12-02,1.43837292515323,1.43837292515323
2025-12-03,1.4328047752043154,1.4328047752043154
2025-12-04,1.434459435051767,1.434459435051767
2025-12-05,1.4363680341565783,1.4363680341565783
2025-12-08,1.4269668579606525,1.4269668579606525
2025-12-09,1.4185990202971326,1.4185990202971326
2025-12-10,1.417761598242249,1.417761598242249
2025-12-11,1.4164134344754444,1.4164134344754444
2025-12-12,1.4235072539023277,1.4235072539023277
2025-12-15,1.4197108678213626,1.4197108678213626
2025-12-16,1.4107030932116944,1.4107030932116944
2025-12-17,1.4149690296609951,1.4149690296609951
2025-12-18,1.4170452465280576,1.4170452465280576
2025-12-19,1.419888193967539,1.419888193967539
2025-12-22,1.4230497095481156,1.4230497095481156
2025-12-23,1.4235299143003972,1.4235299143003972
2025-12-24,1.4229414111008307,1.4229414111008307
2025-12-25,1.4224358149206469,1.4224358149206469
2025-12-26,1.4229899371779247,1.4229899371779247
2025-12-29,1.4190770153492518,1.4190770153492518
2025-12-30,1.4184095799069003,1.4184095799069003
2025-12-31,1.413582509942247,1.413582509942247
2026-01-05,1.413582509942247,1.413582509942247
2026-01-06,1.430345847188769,1.430345847188769
2026-01-07,1.4343676789002617,1.4343676789002617
2026-01-08,1.4378011849181507,1.4378011849181507
2026-01-09,1.451098111383736,1.451098111383736
2026-01-12,1.4694179070461764,1.4694179070461764
2026-01-13,1.4564328457606381,1.4564328457606381
2026-01-14,1.4626860528824366,1.4626860528824366
2026-01-15,1.4638447848685594,1.4638447848685594
2026-01-16,1.4632698072359662,1.4632698072359662
2026-01-19,1.4667262374808987,1.4667262374808987
2026-01-20,1.4585830037433754,1.4585830037433754
2026-01-21,1.4701426452783126,1.4701426452783126
2026-01-22,1.4754757530590554,1.4754757530590554
2026-01-23,1.4885286438306886,1.4885286438306886
2026-01-26,1.4874456630954433,1.4874456630954433
2026-01-27,1.4949191276705096,1.4949191276705096
2026-01-28,1.5084389903420696,1.5084389903420696
2026-01-29,1.5046412671934486,1.5046412671934486
2026-01-30,1.4874618524802123,1.4874618524802123
2026-02-02,1.454060500781241,1.454060500781241
2026-02-03,1.476426593329463,1.476426593329463
2026-02-04,1.4692086981869468,1.4692086981869468
2026-02-05,1.442292729197004,1.442292729197004
2026-02-06,1.4397086929379863,1.4397086929379863
2026-02-09,1.4639439470916304,1.4639439470916304
2026-02-10,1.464087041603942,1.464087041603942
2026-02-11,1.4665638228285351,1.4665638228285351
2026-02-12,1.4792725724775082,1.4792725724775082
2026-02-13,1.4623503978496288,1.4623503978496288
2026-02-24,1.4826949597923103,1.4826949597923103
2026-02-25,1.4928589642122365,1.4928589642122365
2026-02-26,1.4993379840381564,1.4993379840381564
2026-02-27,1.5090894053080974,1.5090894053080974
2026-03-02,1.522127547069491,1.522127547069491
2026-03-03,1.5034421802373963,1.5034421802373963
2026-03-04,1.4947827329348884,1.4947827329348884
2026-03-05,1.5061392365732338,1.5061392365732338
2026-03-06,1.5094127777937658,1.5094127777937658
2026-03-09,1.504667583303241,1.504667583303241
2026-03-10,1.514716656058449,1.514716656058449
2026-03-11,1.522610501199869,1.522610501199869
2026-03-12,1.5200401584358645,1.5200401584358645
2026-03-13,1.5119228082058365,1.5119228082058365
2026-03-16,1.5062605816394221,1.5062605816394221
2026-03-17,1.4933907654997334,1.4933907654997334
2026-03-18,1.5044758919925965,1.5044758919925965
2026-03-19,1.490806474746835,1.490806474746835
2026-03-20,1.4927338165046242,1.4927338165046242
2026-03-23,1.471018508312188,1.471018508312188
2026-03-24,1.4812480063961184,1.4812480063961184
2026-03-25,1.492563072654109,1.492563072654109
2026-03-26,1.4851971131864743,1.4851971131864743
2026-03-27,1.4889164223471651,1.4889164223471651
2026-03-30,1.4850019541945914,1.4850019541945914
2026-03-31,1.470742375073393,1.470742375073393
2026-04-01,1.481663763318861,1.481663763318861
2026-04-02,1.4790520821769235,1.4790520821769235
2026-04-03,1.4775421867016445,1.4775421867016445
2026-04-07,1.4784783024411234,1.4784783024411234
2026-04-08,1.4869442899097087,1.4869442899097087
2026-04-09,1.485363449977473,1.485363449977473
2026-04-10,1.4919105369376897,1.4919105369376897
2026-04-13,1.4941208932998098,1.4941208932998098
2026-04-14,1.4990110975290576,1.4990110975290576
2026-04-15,1.4991222335886425,1.4991222335886425
2026-04-16,1.504945776768059,1.504945776768059
2026-04-17,1.506968952717284,1.506968952717284
2026-04-20,1.5073476168545605,1.5073476168545605
2026-04-21,1.510083673643306,1.510083673643306
2026-04-22,1.512926544643287,1.512926544643287
2026-04-23,1.5098838894930902,1.5098838894930902
2026-04-24,1.5082547032177522,1.5082547032177522
2026-04-27,1.5085629737973123,1.5085629737973123
2026-04-28,1.5062935443645762,1.5062935443645762
2026-04-29,1.513096959089294,1.513096959089294
2026-04-30,1.5107383018653078,1.5107383018653078
2026-05-06,1.5105046601527692,1.5105046601527692
2026-05-07,1.5250039696204665,1.5250039696204665
2026-05-08,1.516409801728412,1.516409801728412
2026-05-11,1.5465882167361114,1.5465882167361114
2026-05-12,1.5453654749320527,1.5453654749320527
2026-05-13,1.567796118377639,1.567796118377639
2026-05-14,1.5439758683367446,1.5439758683367446
2026-05-15,1.5321719271888852,1.5321719271888852
2026-05-18,1.5391499254516035,1.5391499254516035
2026-05-19,1.5455881076903213,1.5455881076903213
2026-05-20,1.5646961200226104,1.5646961200226104
2026-05-21,1.5349833044442924,1.5349833044442924
2026-05-22,1.5652743349508296,1.5652743349508296
2026-05-25,1.5924964768484582,1.5924964768484582
2026-05-26,1.5925890403698897,1.5925890403698897
2026-05-27,1.582756471739545,1.582756471739545
2026-05-28,1.5993318107302101,1.5993318107302101
2026-05-29,1.5688201240734592,1.5688201240734592
2026-06-01,1.5402281489744496,1.5402281489744496
2026-06-02,1.5606161271305299,1.5606161271305299
2026-06-03,1.5765489059951747,1.5765489059951747
2026-06-04,1.579833292055388,1.579833292055388
2026-06-05,1.5452988458288632,1.5452988458288632
