ts_code,name,management,custodian,fund_type,found_date,due_date,list_date,issue_date,delist_date,issue_amount,m_fee,c_fee,duration_year,p_value,min_amount,exp_return,benchmark,status,invest_type,type,trustee,purc_startdate,redm_startdate,market
560890.SH,新华中证红利低波动ETF,新华基金管理股份有限公司,华福证券股份有限公司,股票型,20240902,20260212,20240920,20240815,20260401,4.2598,,,2.0,1.0,0.1,,中证红利低波动指数收益率×100%,D,,股票型,,20240920,20240920,E
159579.SZ,华安深证主板50ETF,华安基金管理有限公司,华泰证券股份有限公司,股票型,20240705,20250312,20240719,20240513,20250320,2.3087,,,1.0,1.0,0.1,,深证主板50指数收益率×100%,D,,股票型,,20240719,20240719,E
562260.SH,海富通中证汽车零部件主题ETF,海富通基金管理有限公司,光大证券股份有限公司,股票型,20240419,20250622,20240510,20240408,20250728,2.6233,,,1.0,1.0,0.1,,中证汽车零部件主题指数收益率×100%,D,,股票型,,20240510,20240510,E
159693.SZ,华泰柏瑞中证有色金属矿业主题ETF,华泰柏瑞基金管理有限公司,中国建设银行股份有限公司,股票型,20231130,20240606,20231214,20230825,20240607,2.479,,,1.0,1.0,0.1,,中证有色金属矿业主题指数收益率×100%,D,,股票型,,20231214,20231214,E
159522.SZ,景顺长城国证2000ETF,景顺长城基金管理有限公司,广发证券股份有限公司,股票型,20230913,20240821,20231016,20230904,20240828,3.739,,,1.0,1.0,0.1,,国证2000指数收益率×100%,D,,股票型,,20231016,20231016,E
159503.SZ,鹏扬国证财富管理ETF,鹏扬基金管理有限公司,华泰证券股份有限公司,股票型,20230629,20240718,20230720,20230608,20240719,3.1078,,,1.0,1.0,0.1,,国证财富管理指数收益率×100%,D,,股票型,,20230720,20230720,E
159683.SZ,嘉实中证内地运输主题ETF,嘉实基金管理有限公司,中国银行股份有限公司,股票型,20221229,20250107,20230109,20221219,20250115,4.2912,,,3.0,1.0,0.1,,中证内地运输主题指数收益率×100%,D,,股票型,,20230109,20230109,E
560960.SH,摩根中证碳中和60ETF,摩根基金管理(中国)有限公司,交通银行股份有限公司,股票型,20221229,20250421,20230113,20221212,20250626,3.466,,,3.0,1.0,0.1,,中证碳中和60指数收益率×100%,D,,股票型,,20230113,20230113,E
561710.SH,博时中证疫苗与生物技术ETF,博时基金管理有限公司,中信建投证券股份有限公司,股票型,20221108,20240725,20221125,20221017,20240920,4.016,,,2.0,1.0,0.1,,中证疫苗与生物技术指数×100%,D,,股票型,,20221125,20221125,E
159646.SZ,华泰柏瑞国证疫苗与生物科技ETF,华泰柏瑞基金管理有限公司,中国建设银行股份有限公司,股票型,20220811,20240604,20220822,20220721,20240605,4.9071,,,2.0,1.0,0.1,,国证疫苗与生物科技指数收益率×100%,D,,股票型,,20220822,20220822,E
561150.SH,富国中证500ESG基准ETF,富国基金管理有限公司,中国建设银行股份有限公司,股票型,20220728,20221115,20220808,20220426,20221227,2.2949,,,0.0,1.0,0.1,,中证500ESG基准指数收益率×100%,D,,股票型,,20220808,20220808,E
517760.SH,浦银安盛中证沪港深消费龙头ETF,浦银安盛基金管理有限公司,兴业银行股份有限公司,股票型,20220401,20240326,20220419,20211227,20240529,2.5105,,,2.0,1.0,0.1,,中证沪港深消费龙头指数收益率×100%,D,,股票型,,20220419,20220419,E
159833.SZ,大成上海金ETF,大成基金管理有限公司,上海浦东发展银行股份有限公司,其他,20220318,20230529,20220329,20211229,20230606,2.1242,,,1.0,1.0,0.1,,上海黄金交易所上海金集中定价合约午盘基准价格收益率×100%,D,,其他型,,20220329,20220329,E
517780.SH,浦银安盛中华交易服务沪深港300ETF,浦银安盛基金管理有限公司,海通证券股份有限公司,股票型,20220308,20230131,20220318,20211221,20231114,2.4345,,,1.0,1.0,0.1,,中华交易服务沪深港300指数收益率×100%,D,,股票型,,20220318,20220318,E
517500.SH,国泰中证沪港深动漫游戏ETF,国泰基金管理有限公司,中信建投证券股份有限公司,股票型,20220303,20231113,20220315,20211203,20231221,3.2811,,,1.0,1.0,0.1,,中证沪港深动漫游戏指数收益率×100%,D,,股票型,,20220315,20220315,E
513960.SH,博时中证港股通消费主题ETF,博时基金管理有限公司,平安银行股份有限公司,股票型,20220303,20240909,20220318,20211201,20241108,2.1493,,,2.0,1.0,0.1,,中证港股通消费主题指数(人民币)收益率×100%,D,,股票型,,20220318,20220318,E
560600.SH,方正富邦中证医药及医疗器械创新ETF,方正富邦基金管理有限公司,平安银行股份有限公司,股票型,20220303,20231110,20220315,20220110,20231229,2.3271,,,1.0,1.0,0.1,,中证医药及医疗器械创新指数收益率×100%,D,,股票型,,20220315,20220315,E
159832.SZ,平安上海金ETF,平安基金管理有限公司,平安银行股份有限公司,其他,20220302,20230322,20220318,20211125,20230330,2.3613,,,1.0,1.0,0.1,,上海金集中定价合约的午盘基准价格收益率×100%,D,,其他型,,20220318,20220318,E
159769.SZ,银华中证消费电子主题ETF,银华基金管理股份有限公司,招商银行股份有限公司,股票型,20220218,20240709,20220303,20211116,20240710,2.7445,,,2.0,1.0,0.1,,中证消费电子主题指数收益率×100%,D,,股票型,,20220303,20220303,E
517270.SH,浦银安盛中证沪港深科技龙头ETF,浦银安盛基金管理有限公司,光大证券股份有限公司,股票型,20211230,20240305,20220112,20210930,20240520,2.4059,,,3.0,1.0,0.1,,中证沪港深科技龙头指数收益率×100%,D,,股票型,,20220112,20220112,E
516690.SH,银华中证细分化工产业主题ETF,银华基金管理股份有限公司,中国工商银行股份有限公司,股票型,20211207,20240606,20211221,20210903,20240827,2.6924,,,3.0,1.0,0.1,,中证细分化工产业主题指数收益率×100%,D,,股票型,,20211221,20211221,E
159789.SZ,建信中证饮料主题ETF,建信基金管理有限责任公司,中国国际金融股份有限公司,股票型,20211125,20231017,20211220,20211108,20231025,2.5888,,,2.0,1.0,0.1,,中证饮料主题指数×100%,D,,股票型,,20211220,20211220,E
517960.SH,摩根中证沪港深科技100ETF,摩根基金管理(中国)有限公司,中国银行股份有限公司,股票型,20211122,20240705,20211223,20211012,20240904,2.0218,,,3.0,1.0,0.1,,中证沪港深科技100指数收益率×100%,D,,股票型,,20211223,20211223,E
517280.SH,天弘中证沪港深线上消费主题ETF,天弘基金管理有限公司,中信证券股份有限公司,股票型,20211116,20240705,20211203,20211011,20240826,2.3055,,,3.0,1.0,0.1,,中证沪港深线上消费主题指数×100%,D,,股票型,,20211203,20211203,E
159853.SZ,南方中证科技100ETF,南方基金管理股份有限公司,中国农业银行股份有限公司,股票型,20210929,20231124,20211015,20210628,20231127,3.0225,,,2.0,1.0,0.1,,中证科技100指数×100%,D,,股票型,,20211015,20211015,E
560000.SH,浦银安盛中证智能电动汽车ETF,浦银安盛基金管理有限公司,招商银行股份有限公司,股票型,20210917,20260507,20210930,20210903,,2.1202,,,5.0,1.0,0.1,,中证智能电动汽车指数收益率×100%,D,,股票型,,20210930,20210930,E
159733.SZ,景顺长城中证消费电子主题ETF,景顺长城基金管理有限公司,招商银行股份有限公司,股票型,20210915,20240227,20210929,20210906,20240306,4.4716,,,3.0,1.0,0.1,,中证消费电子主题指数收益率×100%,D,,股票型,,20210929,20210929,E
159846.SZ,建信中证1000ETF,建信基金管理有限责任公司,中国国际金融股份有限公司,股票型,20210729,20211227,20210816,20210615,20220105,2.3079,,,0.0,1.0,0.1,,中证1000指数×100%,D,,股票型,,20210816,20210816,E
159710.SZ,建信中证智能电动汽车ETF,建信基金管理有限责任公司,中国国际金融股份有限公司,股票型,20210715,20240124,20210809,20210701,20240125,2.3734,,,3.0,1.0,0.1,,中证智能电动汽车指数×100%,D,,股票型,,20210809,20210809,E
516870.SH,银华中证800汽车与零部件ETF,银华基金管理股份有限公司,招商银行股份有限公司,股票型,20210624,20211104,20210709,20210325,20220126,2.4099,,,0.0,1.0,0.1,,中证800汽车与零部件指数收益率×100%,D,,股票型,,20210709,20210709,E
516400.SH,富国中证ESG120策略ETF,富国基金管理有限公司,华夏银行股份有限公司,股票型,20210616,20211214,20210701,20210531,20220126,2.4146,,,0.0,1.0,0.1,,中证ESG120策略指数×100%,D,,股票型,,20210701,20210701,E
159897.SZ,建信中证物联网主题ETF,建信基金管理有限责任公司,中信建投证券股份有限公司,股票型,20210603,20220511,20210621,20210517,20220519,3.4825,,,1.0,1.0,0.1,,中证物联网主题指数收益率×100%,D,,股票型,,20210621,20210621,E
516480.SH,国联安中证新材料主题ETF,国联安基金管理有限公司,国泰海通证券股份有限公司,股票型,20210527,20250805,20210611,20210510,20251014,2.9915,,,4.0,1.0,0.1,,中证新材料主题指数×100%,D,,股票型,,20210611,20210611,E
159702.SZ,汇添富中证人工智能主题ETF,汇添富基金管理股份有限公司,招商银行股份有限公司,股票型,20210429,20221121,20210518,20210406,20221129,2.4493,,,1.0,1.0,0.1,,中证人工智能主题指数收益率×100%,D,,股票型,,20210518,20210518,E
517060.SH,华宝中证沪港深500ETF,华宝基金管理有限公司,中国银行股份有限公司,股票型,20210305,20220218,20210326,20210218,20221111,2.2277,,,1.0,1.0,0.1,,中证沪港深500指数收益率×100%,D,,股票型,,20210326,20210326,E
516680.SH,建信中证细分有色金属产业主题ETF,建信基金管理有限责任公司,中国国际金融股份有限公司,股票型,20210218,20220929,20210308,20210125,20221130,2.6012,,,1.0,1.0,0.1,,中证细分有色金属产业主题指数收益率×100%,D,,股票型,,20210308,20210308,E
510860.SH,兴业上证50ETF,兴业基金管理有限公司,中国农业银行股份有限公司,股票型,20201113,20211229,20210112,20201019,20220317,2.5297,,,1.0,1.0,0.1,,上证50指数收益率×100%,D,,股票型,,20210112,20210112,E
511000.SH,招商中债-0-3年长三角地方政府债ETF,招商基金管理有限公司,浙商银行股份有限公司,债券型,20200928,20210315,20201029,20200622,20210419,6.093,,,1.0,1.0,0.1,,中债-0-3年长三角地方政府债指数×100%,D,,债券型,,20201029,20201029,E
159823.SZ,嘉实恒生中国企业ETF(QDII),嘉实基金管理有限公司,招商银行股份有限公司,股票型,20200924,20240816,20201023,20200914,20240819,2.9636,,,4.0,1.0,0.1,,恒生中国企业指数收益率(使用估值汇率折算)×100%,D,,股票型,,20201023,20201023,E
515500.SH,海富通中证长三角领先ETF,海富通基金管理有限公司,中国银行股份有限公司,股票型,20200813,20230201,20200918,20200506,20230410,4.344,,,3.0,1.0,0.1,,中证长三角领先指数收益率×100%,D,,股票型,,20200918,20200918,E
159815.SZ,招商中证浙江100ETF,招商基金管理有限公司,浙商银行股份有限公司,股票型,20200803,20230423,20200818,20200428,20230428,2.4604,,,3.0,1.0,0.1,,中证浙江100指数收益率×100%,D,,股票型,,20200818,20200818,E
512350.SH,兴业中证福建50ETF,兴业基金管理有限公司,招商银行股份有限公司,股票型,20200727,20211224,20200910,20200420,20220317,2.1883,,,1.0,1.0,0.1,,中证福建50指数收益率×100%,D,,股票型,,20200910,20200910,E
515610.SH,中银中证800ETF,中银基金管理有限公司,中信银行股份有限公司,股票型,20200716,20220804,20200818,20200430,20220930,3.7786,,,2.0,1.0,0.1,,中证800指数收益率×100%,D,,股票型,,20200818,20200818,E
159999.SZ,永赢中证500ETF,永赢基金管理有限公司,中国银行股份有限公司,股票型,20200714,20230313,20200812,20200608,20230320,3.4234,,,3.0,1.0,0.1,,中证500指数收益率×100%,D,,股票型,,20200812,20200812,E
512320.SH,工银瑞信MSCI中国A股ETF,工银瑞信基金管理有限公司,中信建投证券股份有限公司,股票型,20200629,20240223,20200807,20200601,20240416,6.5904,,,4.0,1.0,0.1,,MSCI中国A股人民币指数收益率×100%,D,,股票型,,20200807,20200807,E
511050.SH,兴业上证1-5年期地方政府债ETF,兴业基金管理有限公司,中国银行股份有限公司,债券型,20200618,20210610,20200730,20200316,20210831,4.0155,,,1.0,1.0,0.1,,上证1-5年期地方政府债指数收益率×100%,D,,债券型,,20200730,20200730,E
515830.SH,工银瑞信中证800ETF,工银瑞信基金管理有限公司,兴业银行股份有限公司,股票型,20200601,20220331,20200717,20200327,20220615,3.9108,,,2.0,1.0,0.1,,中证800指数收益率×100%,D,,股票型,,20200717,20200717,E
515820.SH,富国中证800ETF,富国基金管理有限公司,中国工商银行股份有限公司,股票型,20200513,20220929,20200529,20200327,20230322,2.4853,,,2.0,1.0,0.1,,中证800指数收益率×100%,D,,股票型,,20200529,20200529,E
510690.SH,兴业上证180金融ETF,兴业基金管理有限公司,招商银行股份有限公司,股票型,20200508,20211217,20200622,20200302,20220303,2.9584,,,1.0,1.0,0.1,,上证180金融股指数收益率×100%,D,,股票型,,20200622,20200622,E
515780.SH,浦银安盛MSCI中国A股ETF,浦银安盛基金管理有限公司,中国银行股份有限公司,股票型,20200430,20250225,20200529,20200320,20250530,5.5479,,,5.0,1.0,0.1,,MSCI中国A股人民币指数收益率×100%,D,,股票型,,20200529,20200529,E
159809.SZ,博时恒生沪深港通大湾区综合ETF,博时基金管理有限公司,招商银行股份有限公司,股票型,20200430,20211014,20200521,20200330,20211021,3.9117,,,1.0,1.0,0.1,,恒生沪深港通大湾区综合指数收益率×100%,D,,股票型,,20200521,20200521,E
159988.SZ,平安中债-0-5年广东省地方政府债ETF,平安基金管理有限公司,中国银行股份有限公司,债券型,20200429,20220623,20200529,20200224,20220630,6.6149,,,2.0,1.0,0.1,,中债-0-5年广东省地方政府债指数收益率×100%,D,,债券型,,20200529,20200529,E
159803.SZ,易方达中证浙江新动能ETF(QDII),易方达基金管理有限公司,中国工商银行股份有限公司,股票型,20200427,20210916,20200526,20200122,20210928,2.6685,,,1.0,1.0,0.1,,中证浙江新动能指数收益率×100%,D,,股票型,,20200526,20200526,E
515620.SH,建信中证800ETF,建信基金管理有限责任公司,中国国际金融股份有限公司,股票型,20200417,20210406,20200525,20200316,20210608,3.2116,,,1.0,1.0,0.1,,中证800指数收益率×100%,D,,股票型,,20200525,20200525,E
515670.SH,中银中证100ETF,中银基金管理有限公司,中信证券股份有限公司,股票型,20200417,20240408,20200520,20200320,20240628,3.1982,,,4.0,1.0,0.1,,中证100指数收益率×100%,D,,股票型,,20200520,20200520,E
515930.SH,永赢沪深300ETF,永赢基金管理有限公司,中国工商银行股份有限公司,股票型,20200413,20230612,20200508,20200323,20230731,2.8191,,,3.0,1.0,0.1,,沪深300指数收益率×100%,D,,股票型,,20200508,20200508,E
159802.SZ,广发中证800ETF,广发基金管理有限公司,中国工商银行股份有限公司,股票型,20200413,20200915,20200515,20200323,20200923,2.2252,,,0.0,1.0,0.1,,中证800指数收益率×100%,D,,股票型,,20200515,20200515,E
515280.SH,富国中证银行ETF,富国基金管理有限公司,中信证券股份有限公司,股票型,20200401,20240812,20200417,20200311,20240925,3.1262,,,4.0,1.0,0.1,,中证银行指数收益率×100%,D,,股票型,,20200417,20200417,E
515690.SH,鹏华中证高股息龙头ETF,鹏华基金管理有限公司,中信证券股份有限公司,股票型,20200320,20220310,20200513,20200224,20220426,2.2309,,,2.0,1.0,0.1,,中证高股息龙头指数收益率×100%,D,,股票型,,20200513,20200513,E
515510.SH,嘉实中证500成长估值ETF,嘉实基金管理有限公司,中国银行股份有限公司,股票型,20200316,20230131,20200506,20200203,20230508,2.3553,,,3.0,1.0,0.1,,中证500成长估值指数收益率×100%,D,,股票型,,20200506,20200506,E
159978.SZ,建信中证沪港深粤港澳大湾区发展主题ETF,建信基金管理有限责任公司,招商银行股份有限公司,股票型,20200306,20230105,20200414,20200120,20230112,8.6692,,,3.0,1.0,0.1,,中证沪港深粤港澳大湾区发展主题指数收益率×100%,D,,股票型,,20200414,20200414,E
159983.SZ,华夏粤港澳大湾区创新100ETF,华夏基金管理有限公司,招商银行股份有限公司,股票型,20200225,20231227,20200423,20200204,20240105,4.3675,,,3.0,1.0,0.1,,粤港澳大湾区创新100指数收益率×100%,D,,股票型,,20200423,20200423,E
515570.SH,山西证券中证红利潜力ETF,山西证券股份有限公司,中国银行股份有限公司,股票型,20200117,20231113,20200409,20191223,20231218,2.6444,,,3.0,1.0,0.1,,中证红利潜力指数收益率×100%,D,,股票型,,20200409,20200409,E
159986.SZ,弘毅远方国证消费100ETF,弘毅远方基金管理有限公司,广发证券股份有限公司,股票型,20191219,20221019,20200120,20190923,20221027,2.1115,,,3.0,1.0,0.1,,国证消费100指数收益率×100%,D,,股票型,,20200120,20200120,E
159979.SZ,广发粤港澳大湾区创新100ETF,广发基金管理有限公司,招商银行股份有限公司,股票型,20191216,20221214,20200214,20190909,20221221,2.4493,,,3.0,1.0,0.1,,粤港澳大湾区创新100指数收益率×100%,D,,股票型,,20200214,20200214,E
159990.SZ,银华巨潮小盘价值ETF,银华基金管理股份有限公司,华泰证券股份有限公司,股票型,20191206,20240716,20200120,20191118,20240717,5.0842,,,5.0,1.0,0.1,,巨潮小盘价值指数×100%,D,,股票型,,20200120,20200120,E
515870.SH,嘉实中证先进制造100策略ETF,嘉实基金管理有限公司,中国银行股份有限公司,股票型,20191205,20230116,20200117,20191104,20230316,2.715,,,4.0,1.0,0.1,,中证先进制造100策略指数收益率×100%,D,,股票型,,20200117,20200117,E
159984.SZ,南方粤港澳大湾区创新100ETF,南方基金管理股份有限公司,招商银行股份有限公司,股票型,20191129,20230704,20200117,20190909,20230710,6.5359,,,4.0,1.0,0.1,,粤港澳大湾区创新100指数收益率×100%,D,,股票型,,20200117,20200117,E
159987.SZ,银华中证研发创新100ETF,银华基金管理股份有限公司,招商证券股份有限公司,股票型,20191101,20240902,20191118,20191021,20240903,4.4346,,,5.0,1.0,0.1,,中证研发创新100指数×100%,D,,股票型,,20191118,20191118,E
515520.SH,大成MSCI中国A股质优价值100ETF,大成基金管理有限公司,中国农业银行股份有限公司,股票型,20190926,20230508,20191118,20190819,20230613,7.8187,,,4.0,1.0,0.1,,MSCI中国A股质优价值100指数收益率×100%,D,,股票型,,20191118,20191118,E
512790.SH,华安中证民企成长ETF,华安基金管理有限公司,海通证券股份有限公司,股票型,20190726,20200615,20190906,20190506,20200731,2.6548,,,1.0,1.0,0.1,,中证民企成长指数收益率×100%,D,,股票型,,20190906,20190906,E
159969.SZ,银华深证100ETF,银华基金管理股份有限公司,国泰海通证券股份有限公司,股票型,20190628,20260304,20190828,20190506,20260312,6.939,,,7.0,1.0,0.1,,深证100指数收益率(价格)×100%,D,,股票型,,20190828,20190828,E
510890.SH,兴业上证红利低波动ETF,兴业基金管理有限公司,中国工商银行股份有限公司,股票型,20190422,20210630,20190624,20190115,20210907,15.9756,,,2.0,1.0,0.1,,上证红利低波动指数收益率×100%,D,,股票型,,20190624,20190624,E
159963.SZ,富国恒生中国企业ETF,富国基金管理有限公司,中国工商银行股份有限公司,股票型,20190307,20210517,20190326,20181130,20210525,5.2895,,,2.0,1.0,0.1,,恒生中国企业指数收益率(经估值汇率调整)×100%,D,,股票型,,20190326,20190326,E
512270.SH,华安沪深300行业中性低波动ETF,华安基金管理有限公司,中国建设银行股份有限公司,股票型,20190307,20210809,20190329,20181206,20210923,3.7558,,,2.0,1.0,0.1,,沪深300行业中性低波动指数收益率×100%,D,,股票型,,20190329,20190329,E
159962.SZ,华夏中证四川国企改革ETF,华夏基金管理有限公司,中国建设银行股份有限公司,股票型,20190306,20221102,20190418,20181126,20221109,37.4339,,,3.0,1.0,0.1,,中证四川国企改革指数收益率×100%,D,,股票型,,20190418,20190418,E
512590.SH,浦银安盛中证高股息精选ETF,浦银安盛基金管理有限公司,交通银行股份有限公司,股票型,20190129,20230131,20190308,20190110,20230428,3.495,,,4.0,1.0,0.1,,中证高股息精选指数收益率×100%,D,,股票型,,20190308,20190308,E
513680.SH,建信港股通恒生中国企业ETF,建信基金管理有限责任公司,兴业银行股份有限公司,股票型,20181213,20230201,20190121,20181119,20230327,2.3575,,,5.0,1.0,0.1,,恒生中国企业指数收益率×100%,D,,股票型,,20190121,20190121,E
512920.SH,新华MSCI中国A股国际ETF,新华基金管理股份有限公司,中国农业银行股份有限公司,股票型,20181107,20221206,20181207,20180926,20230208,2.8009,,,4.0,1.0,0.1,,MSCI中国A股国际指数×100%,D,,股票型,,20181207,20181207,E
512850.SH,中信建投中证北京50ETF,中信建投基金管理有限公司,招商银行股份有限公司,股票型,20180927,20201210,20181109,20180702,20210219,2.7953,,,2.0,1.0,0.1,,中证北京50指数收益率×100%,D,,股票型,,20181109,20181109,E
512860.SH,华安MSCI中国A股国际ETF,华安基金管理有限公司,中国农业银行股份有限公司,股票型,20180927,20210309,20181026,20180801,20210430,3.2163,,,3.0,1.0,0.1,,MSCI中国A股国际指数收益率×100%,D,,股票型,,20181026,20181026,E
511280.SH,华夏上证3-5年期中高评级可质押信用债ETF,华夏基金管理有限公司,中国建设银行股份有限公司,债券型,20180503,20210803,20180531,20180124,20211022,3.1673,,,3.0,1.0,0.1,,上证3-5年期中高评级可质押信用债指数收益率×100%,D,,债券型,,20180531,20180531,E
512280.SH,景顺长城MSCI中国A股国际通ETF,景顺长城基金管理有限公司,中国农业银行股份有限公司,股票型,20180427,20250619,20180525,20180410,20250821,15.3401,,,7.0,1.0,0.1,,MSCI中国A股国际通指数×100%,D,,股票型,,20180525,20180525,E
512780.SH,广发中证京津冀协同发展主题ETF,广发基金管理有限公司,中国工商银行股份有限公司,股票型,20180419,20221019,20180524,20180409,20230112,2.8759,,,4.0,1.0,0.1,,中证京津冀协同发展主题指数×100%,D,,股票型,,20180524,20180524,E
511290.SH,广发上证10年期国债ETF,广发基金管理有限公司,中国工商银行股份有限公司,债券型,20180326,20200715,20180427,20171220,20201030,2.0158,,,2.0,100.0,0.1,,上证10年期国债指数×100%,D,,债券型,,20180427,20180427,E
511310.SH,富国中证10年期国债ETF,富国基金管理有限公司,中国工商银行股份有限公司,债券型,20180319,20230102,20180426,20180108,20230308,2.403,,,5.0,100.0,0.1,,中证10年期国债指数×100%,D,,债券型,,20180426,20180426,E
510820.SH,汇添富上证上海改革发展主题ETF,汇添富基金管理股份有限公司,中国工商银行股份有限公司,股票型,20171201,20190828,20190709,20171122,20190820,47.5835,,,2.0,1.0,0.1,,上证上海改革发展主题指数×100%,D,,股票型,,20180301,20180301,E
159955.SZ,嘉实创业板ETF,嘉实基金管理有限公司,中国银行股份有限公司,股票型,20170714,20221122,20170823,20170503,20221130,2.5663,,,5.0,1.0,0.1,,创业板指数P×100%,D,,股票型,,20170823,20170823,E
159953.SZ,广发中证全指工业ETF,广发基金管理有限公司,中国银行股份有限公司,股票型,20170613,20201210,20170714,20170503,20201217,2.9117,,,3.0,1.0,0.1,,中证全指工业指数×100%,D,,股票型,,20170714,20170714,E
159951.SZ,嘉实中关村A股ETF,嘉实基金管理有限公司,中国工商银行股份有限公司,股票型,20170607,20220816,20170710,20170515,20220824,3.4682,,,5.0,1.0,0.1,,中关村A股综合指数×100%,D,,股票型,,20170710,20170710,E
159950.SZ,易方达深证成指ETF,易方达基金管理有限公司,中国银行股份有限公司,股票型,20170427,20190630,20170510,20170327,20190712,3.81,,,2.0,1.0,0.1,,深圳证券交易所成份指数×100%,D,,股票型,,20170510,20170510,E
511230.SH,海富通上证周期产业债ETF,海富通基金管理有限公司,交通银行股份有限公司,债券型,20170123,20190220,20170421,20161115,20210329,2.0926,,,2.0,1.0,0.1,,上证周期产业债指数×100%,D,,债券型,,20170413,20170421,E
511760.SH,德邦现金宝货币ETF-E,德邦基金管理有限公司,国泰海通证券股份有限公司,货币型,20161128,20180125,20161215,20161116,20180612,2.77,,,2.0,1.0,0.1,,七天通知存款利率(税后)×100%,D,,货币型,,20161215,20161215,E
511680.SH,安信保证金货币ETF,安信基金管理有限责任公司,招商证券股份有限公司,货币型,20160909,20180802,20160927,20160901,20181030,17.9868,,,2.0,1.0,0.1,,七天通知存款利率(税后)×100%,D,,货币型,,20160927,20160927,E
511890.SH,景顺长城货币ETF,景顺长城基金管理有限公司,中国银河证券股份有限公司,货币型,20150716,20171226,20150803,20150706,20180412,3.4495,,,2.0,1.0,0.1,,七天通知存款税后利率(税后)×100%,D,,货币型,,20150803,20150803,E
159946.SZ,广发中证全指主要消费ETF,广发基金管理有限公司,中国银行股份有限公司,股票型,20150701,20181224,20150713,20150615,20181228,2.5532,,,3.0,1.0,0.1,,中证全指主要消费指数×100%,D,,股票型,,20150713,20150713,E
159942.SZ,华润元大中创100ETF,华润元大基金管理有限公司,招商证券股份有限公司,股票型,20150525,20181105,20150625,20150415,20181106,3.8138,,,3.0,1.0,0.1,,中小企业板创业板100指数(价格)×100%,D,,股票型,,20150625,20150625,E
512340.SH,南方中证500原材料指数ETF,南方基金管理股份有限公司,中国农业银行股份有限公司,股票型,20150416,20210114,20150515,20150330,20210416,9.9173,,,6.0,1.0,0.1,,中证500原材料指数×100%,D,,股票型,,20150515,20150515,E
512310.SH,南方中证500工业指数ETF,南方基金管理股份有限公司,中国农业银行股份有限公司,股票型,20150408,20210107,20150508,20150319,20210416,9.4089,,,6.0,1.0,0.1,,中证500工业指数×100%,D,,股票型,,20150508,20150508,E
512300.SH,南方中证500医药卫生指数ETF,南方基金管理股份有限公司,中国农业银行股份有限公司,股票型,20141030,20201223,20141218,20141009,20210312,11.8312,,,6.0,1.0,0.1,,中证500医药卫生指数×100%,D,,股票型,,20141218,20141218,E
512210.SH,景顺长城中证800食品饮料ETF,景顺长城基金管理有限公司,中国银行股份有限公司,股票型,20140718,20180306,20140819,20140623,20180831,2.6881,,,4.0,1.0,0.1,,中证800食品饮料指数×100%,D,,股票型,,20140819,20140819,E
512230.SH,景顺长城中证医药卫生ETF,景顺长城基金管理有限公司,中国银行股份有限公司,股票型,20140718,20180306,20140819,20140623,20190123,6.2787,,,4.0,1.0,0.1,,中证医药卫生指数×100%,D,,股票型,,20140819,20140819,E
512610.SH,嘉实中证医药卫生ETF,嘉实基金管理有限公司,中国银行股份有限公司,股票型,20140613,20221031,20140725,20140519,20221222,4.5964,,,8.0,1.0,0.1,,中证医药卫生指数×100%,D,,股票型,,20140725,20140725,E
510520.SH,诺安中证500ETF,诺安基金管理有限公司,中国银行股份有限公司,股票型,20140207,20190705,20140310,20140106,20191031,8.7909,,,5.0,1.0,0.1,,中证小盘500指数×100%,D,,股票型,,20140310,20140310,E
512110.SH,华安中证细分地产ETF,华安基金管理有限公司,中国建设银行股份有限公司,股票型,20131204,20160920,20140106,20131108,20170113,2.8714,,,3.0,1.0,0.1,,中证细分房地产产业主题指数×100%,D,,股票型,,20140106,20140106,E
159932.SZ,大成中证500深市ETF,大成基金管理有限公司,中国银行股份有限公司,股票型,20130912,20221114,20131021,20130819,20221122,3.3351,,,9.0,1.0,0.1,,中证500深市指数×100%,D,,股票型,,20131021,20131021,E
159927.SZ,鹏华沪深300ETF,鹏华基金管理有限公司,中国建设银行股份有限公司,股票型,20130719,20180222,20130816,20130617,20180214,13.0658,,,5.0,1.0,0.1,,沪深300指数×100%,D,,股票型,,20130816,20130816,E
511210.SH,博时上证企债30ETF,博时基金管理有限公司,中国工商银行股份有限公司,债券型,20130711,20171108,20130816,20130624,20180126,34.249,,,4.0,1.0,0.1,,上证企债30指数×100%,D,,债券型,,20130816,20130816,E
510450.SH,上投摩根上证180高贝塔ETF,摩根基金管理(中国)有限公司,中国银行股份有限公司,股票型,20130708,20160622,20130801,20130603,20160824,3.2492,,,3.0,1.0,0.1,,上证180高贝塔指数×100%,D,,股票型,,20130801,20130801,E
159926.SZ,嘉实中证金边中期国债ETF,嘉实基金管理有限公司,中国银行股份有限公司,债券型,20130510,20220614,20130805,20130417,20220622,6.4189,,,9.0,1.0,0.1,,中证金边中期国债指数×100%,D,,债券型,,20130619,20130805,E
159924.SZ,景顺长城沪深300等权重ETF,景顺长城基金管理有限公司,中国农业银行股份有限公司,股票型,20130507,20180306,20130605,20130325,20180320,8.7052,,,5.0,1.0,0.1,,沪深300等权重指数×100%,D,,股票型,,20130605,20130605,E
510700.SH,长盛上证市值百强ETF,长盛基金管理有限公司,中国银行股份有限公司,股票型,20130424,20151014,20130531,20130401,20151014,6.2268,,,2.0,1.0,0.1,,上证市值100指数×100%,D,,股票型,,20130531,20130531,E
510610.SH,华夏上证能源ETF,华夏基金管理有限公司,中国建设银行股份有限公司,股票型,20130328,20160328,20130508,20130225,20160706,5.4859,,,3.0,1.0,0.1,,上证能源行业指数×100%,D,,股票型,,20130508,20130508,E
510620.SH,华夏上证原材料ETF,华夏基金管理有限公司,中国建设银行股份有限公司,股票型,20130328,20160328,20130508,20130225,20160815,6.7297,,,3.0,1.0,0.1,,上证原材料行业指数×100%,D,,股票型,,20130508,20130508,E
159921.SZ,诺安中小板等权重ETF,诺安基金管理有限公司,交通银行股份有限公司,股票型,20121210,20171101,20130131,20121105,20171108,2.5331,,,5.0,1.0,0.1,,中小板等权重指数收益率×100%,D,,股票型,,20130131,20130131,E
510440.SH,大成中证500沪市ETF,大成基金管理有限公司,中国银行股份有限公司,股票型,20120824,20221124,20121008,20120730,20221222,5.4106,,,10.0,1.0,0.1,,中证500沪市指数×100%,D,,股票型,,20121008,20121008,E
510430.SH,银华上证50等权重ETF,银华基金管理股份有限公司,中国建设银行股份有限公司,股票型,20120823,20200923,20120924,20120723,20201218,11.7992,,,8.0,1.0,0.1,,上证50等权重指数×100%,D,,股票型,,20120924,20120924,E
510420.SH,景顺长城上证180等权重ETF,景顺长城基金管理有限公司,中国银行股份有限公司,股票型,20120612,20181026,20120709,20120502,20191108,12.7046,,,6.0,1.0,0.1,,上证180等权重指数×100%,D,,股票型,,20120709,20120709,E
159917.SZ,国泰中小板300成长ETF,国泰基金管理有限公司,中国银行股份有限公司,股票型,20120315,20150826,20120406,20120130,20150827,3.4513,,,3.0,1.0,0.1,,中小300成长P×100%,D,,股票型,,20120406,20120406,E
159911.SZ,鹏华深证民营ETF,鹏华基金管理有限公司,中国建设银行股份有限公司,股票型,20110902,20200611,20111014,20110727,20200619,5.6855,,,9.0,1.0,0.1,,深证民营P×100%,D,,股票型,,20111014,20111014,E
510280.SH,华宝上证180成长ETF,华宝基金管理有限公司,中国银行股份有限公司,股票型,20110804,20181127,20111018,20110704,20190930,8.2175,,,7.0,1.0,0.1,,上证180成长指数×100%,D,,股票型,,20111018,20111018,E
510120.SH,海富通上证非周期行业100ETF,海富通基金管理有限公司,中国工商银行股份有限公司,股票型,20110422,20230629,20110608,20110321,20230811,6.5231,,,12.0,1.0,0.1,,上证非周期行业100指数×100%,D,,股票型,,20110608,20110608,E
510260.SH,诺安上证新兴产业ETF,诺安基金管理有限公司,中国工商银行股份有限公司,股票型,20110407,20190628,20110608,20110307,20200115,9.1241,,,8.0,1.0,0.1,,上证新兴产业指数×100%,D,,股票型,,20110608,20110608,E
510220.SH,华泰柏瑞上证中小盘ETF,华泰柏瑞基金管理有限公司,中国银行股份有限公司,股票型,20110126,20221120,20110328,20101220,20221227,3.4843,,,11.0,1.0,0.1,,上证中小盘指数×100%,D,,股票型,,20110328,20110328,E
510110.SH,海富通上证周期行业50ETF,海富通基金管理有限公司,中国工商银行股份有限公司,股票型,20100919,20230705,20101115,20100819,20230811,9.6738,,,13.0,1.0,0.1,,上证周期行业50指数×100%,D,,股票型,,20101115,20101115,E
510070.SH,鹏华上证民营企业50ETF,鹏华基金管理有限公司,中国工商银行股份有限公司,股票型,20100805,20200629,20101029,20100701,20200813,10.07,,,10.0,1.0,0.1,,上证民营企业50指数×100%,D,,股票型,,20101029,20101029,E
