date,alpha_set,fold,stitched_nav
2023-01-03,A_45_35_20,2020_2022_to_2023,1.0
2023-01-04,A_45_35_20,2020_2022_to_2023,0.9996976713225021
2023-01-05,A_45_35_20,2020_2022_to_2023,0.9970643779725693
2023-01-06,A_45_35_20,2020_2022_to_2023,0.9946151922935289
2023-01-09,A_45_35_20,2020_2022_to_2023,0.99720898862635
2023-01-10,A_45_35_20,2020_2022_to_2023,0.9975593992388633
2023-01-11,A_45_35_20,2020_2022_to_2023,0.9987438498091851
2023-01-12,A_45_35_20,2020_2022_to_2023,1.0002422210689053
2023-01-13,A_45_35_20,2020_2022_to_2023,1.0015212439638093
2023-01-16,A_45_35_20,2020_2022_to_2023,1.0031034978148634
2023-01-17,A_45_35_20,2020_2022_to_2023,1.0033849574620912
2023-01-18,A_45_35_20,2020_2022_to_2023,1.0049713429039613
2023-01-19,A_45_35_20,2020_2022_to_2023,1.0059005041582267
2023-01-20,A_45_35_20,2020_2022_to_2023,1.0075356101296822
2023-01-30,A_45_35_20,2020_2022_to_2023,1.0082687430241752
2023-01-31,A_45_35_20,2020_2022_to_2023,1.0065392345562765
2023-02-01,A_45_35_20,2020_2022_to_2023,1.0076745414572053
2023-02-02,A_45_35_20,2020_2022_to_2023,1.010366158412652
2023-02-03,A_45_35_20,2020_2022_to_2023,1.0043885860024724
2023-02-06,A_45_35_20,2020_2022_to_2023,0.9994025276496334
2023-02-07,A_45_35_20,2020_2022_to_2023,0.9962509245499426
2023-02-08,A_45_35_20,2020_2022_to_2023,0.996592213477744
2023-02-09,A_45_35_20,2020_2022_to_2023,0.9971784389105864
2023-02-10,A_45_35_20,2020_2022_to_2023,0.9957697682495473
2023-02-13,A_45_35_20,2020_2022_to_2023,0.9968825742295918
2023-02-14,A_45_35_20,2020_2022_to_2023,0.9958266541185451
2023-02-15,A_45_35_20,2020_2022_to_2023,0.9946379562148424
2023-02-16,A_45_35_20,2020_2022_to_2023,0.9922057361576474
2023-02-17,A_45_35_20,2020_2022_to_2023,0.9925799573627606
2023-02-20,A_45_35_20,2020_2022_to_2023,0.9943524598008142
2023-02-21,A_45_35_20,2020_2022_to_2023,0.9959662021294479
2023-02-22,A_45_35_20,2020_2022_to_2023,0.9992640924554661
2023-02-23,A_45_35_20,2020_2022_to_2023,0.9967078943520808
2023-02-24,A_45_35_20,2020_2022_to_2023,0.9962850918324587
2023-02-27,A_45_35_20,2020_2022_to_2023,0.9935441853222654
2023-02-28,A_45_35_20,2020_2022_to_2023,0.9925872871325568
2023-03-01,A_45_35_20,2020_2022_to_2023,0.9924894929376604
2023-03-02,A_45_35_20,2020_2022_to_2023,0.9919873448208455
2023-03-03,A_45_35_20,2020_2022_to_2023,0.9944721600279808
2023-03-06,A_45_35_20,2020_2022_to_2023,0.9959942345621368
2023-03-07,A_45_35_20,2020_2022_to_2023,0.9930864685213528
2023-03-08,A_45_35_20,2020_2022_to_2023,0.9905603817799883
2023-03-09,A_45_35_20,2020_2022_to_2023,0.9906996408454275
2023-03-10,A_45_35_20,2020_2022_to_2023,0.9884004172297624
2023-03-13,A_45_35_20,2020_2022_to_2023,0.9909066734411175
2023-03-14,A_45_35_20,2020_2022_to_2023,0.9905983556738942
2023-03-15,A_45_35_20,2020_2022_to_2023,0.9881063311063715
2023-03-16,A_45_35_20,2020_2022_to_2023,0.9866177501231032
2023-03-17,A_45_35_20,2020_2022_to_2023,0.9875792854011036
2023-03-20,A_45_35_20,2020_2022_to_2023,0.9921040667873701
2023-03-21,A_45_35_20,2020_2022_to_2023,0.99365016644772
2023-03-22,A_45_35_20,2020_2022_to_2023,0.9934690246484658
2023-03-23,A_45_35_20,2020_2022_to_2023,0.9974994942755211
2023-03-24,A_45_35_20,2020_2022_to_2023,0.9946667734639586
2023-03-27,A_45_35_20,2020_2022_to_2023,0.9956159625744263
2023-03-28,A_45_35_20,2020_2022_to_2023,0.9957018203360568
2023-03-29,A_45_35_20,2020_2022_to_2023,0.9969085936680151
2023-03-30,A_45_35_20,2020_2022_to_2023,1.000430436347582
2023-03-31,A_45_35_20,2020_2022_to_2023,1.0029744988853266
2023-04-03,A_45_35_20,2020_2022_to_2023,1.0015879413983348
2023-04-04,A_45_35_20,2020_2022_to_2023,1.0033435826333383
2023-04-06,A_45_35_20,2020_2022_to_2023,1.0023083589990405
2023-04-07,A_45_35_20,2020_2022_to_2023,1.0079778527534744
2023-04-10,A_45_35_20,2020_2022_to_2023,0.9944799046568964
2023-04-11,A_45_35_20,2020_2022_to_2023,1.000318164433458
2023-04-12,A_45_35_20,2020_2022_to_2023,1.0099833378387595
2023-04-13,A_45_35_20,2020_2022_to_2023,1.0063155294216726
2023-04-14,A_45_35_20,2020_2022_to_2023,1.0076699797979094
2023-04-17,A_45_35_20,2020_2022_to_2023,1.0010373345779169
2023-04-18,A_45_35_20,2020_2022_to_2023,1.001631237442274
2023-04-19,A_45_35_20,2020_2022_to_2023,1.0015838588156112
2023-04-20,A_45_35_20,2020_2022_to_2023,1.0096836604949968
2023-04-21,A_45_35_20,2020_2022_to_2023,0.9998145392427029
2023-04-24,A_45_35_20,2020_2022_to_2023,1.0037969171600112
2023-04-25,A_45_35_20,2020_2022_to_2023,1.007274114505064
2023-04-26,A_45_35_20,2020_2022_to_2023,1.0028608732945792
2023-04-27,A_45_35_20,2020_2022_to_2023,0.9964022859097742
2023-04-28,A_45_35_20,2020_2022_to_2023,1.0090566171461783
2023-05-04,A_45_35_20,2020_2022_to_2023,1.0143268564294952
2023-05-05,A_45_35_20,2020_2022_to_2023,1.0153800681744107
2023-05-08,A_45_35_20,2020_2022_to_2023,1.0173101748113604
2023-05-09,A_45_35_20,2020_2022_to_2023,1.012982035561159
2023-05-10,A_45_35_20,2020_2022_to_2023,1.0100521702797822
2023-05-11,A_45_35_20,2020_2022_to_2023,1.0105384538602917
2023-05-12,A_45_35_20,2020_2022_to_2023,1.007153592843244
2023-05-15,A_45_35_20,2020_2022_to_2023,1.0095074277977318
2023-05-16,A_45_35_20,2020_2022_to_2023,1.0069429655113644
2023-05-17,A_45_35_20,2020_2022_to_2023,1.004586358362705
2023-05-18,A_45_35_20,2020_2022_to_2023,1.0069335902769596
2023-05-19,A_45_35_20,2020_2022_to_2023,1.0046343534087816
2023-05-22,A_45_35_20,2020_2022_to_2023,1.0051658512948962
2023-05-23,A_45_35_20,2020_2022_to_2023,1.0023623332633367
2023-05-24,A_45_35_20,2020_2022_to_2023,0.9995046635404291
2023-05-25,A_45_35_20,2020_2022_to_2023,0.9967539554397512
2023-05-26,A_45_35_20,2020_2022_to_2023,0.998942762157362
2023-05-29,A_45_35_20,2020_2022_to_2023,0.9982809648919104
2023-05-30,A_45_35_20,2020_2022_to_2023,1.0011802010121655
2023-05-31,A_45_35_20,2020_2022_to_2023,1.0003043478744118
2023-06-01,A_45_35_20,2020_2022_to_2023,1.002281918637526
2023-06-02,A_45_35_20,2020_2022_to_2023,1.0031894932339784
2023-06-05,A_45_35_20,2020_2022_to_2023,1.0034284765760073
2023-06-06,A_45_35_20,2020_2022_to_2023,1.0005132743963558
2023-06-07,A_45_35_20,2020_2022_to_2023,0.9995570943516991
2023-06-08,A_45_35_20,2020_2022_to_2023,1.0001055431332961
2023-06-09,A_45_35_20,2020_2022_to_2023,1.0036230523294067
2023-06-12,A_45_35_20,2020_2022_to_2023,1.0042905571333798
2023-06-13,A_45_35_20,2020_2022_to_2023,1.0061361188433524
2023-06-14,A_45_35_20,2020_2022_to_2023,1.006191572049103
2023-06-15,A_45_35_20,2020_2022_to_2023,1.0076727330215585
2023-06-16,A_45_35_20,2020_2022_to_2023,1.0095069497399025
2023-06-19,A_45_35_20,2020_2022_to_2023,1.0113772725486916
2023-06-20,A_45_35_20,2020_2022_to_2023,1.0123507139123458
2023-06-21,A_45_35_20,2020_2022_to_2023,1.0095180554016285
2023-06-26,A_45_35_20,2020_2022_to_2023,1.008367608420258
2023-06-27,A_45_35_20,2020_2022_to_2023,1.009951908153242
2023-06-28,A_45_35_20,2020_2022_to_2023,1.0094593209129143
2023-06-29,A_45_35_20,2020_2022_to_2023,1.0100219006384583
2023-06-30,A_45_35_20,2020_2022_to_2023,1.0126676344563734
2023-07-03,A_45_35_20,2020_2022_to_2023,1.0147438001590767
2023-07-04,A_45_35_20,2020_2022_to_2023,1.0158894365708067
2023-07-05,A_45_35_20,2020_2022_to_2023,1.0137884921821851
2023-07-06,A_45_35_20,2020_2022_to_2023,1.0123086411200561
2023-07-07,A_45_35_20,2020_2022_to_2023,1.0111937971491092
2023-07-10,A_45_35_20,2020_2022_to_2023,1.0106947728478588
2023-07-11,A_45_35_20,2020_2022_to_2023,1.0142935819299335
2023-07-12,A_45_35_20,2020_2022_to_2023,1.01415925384892
2023-07-13,A_45_35_20,2020_2022_to_2023,1.0176105466218024
2023-07-14,A_45_35_20,2020_2022_to_2023,1.0179087492999874
2023-07-17,A_45_35_20,2020_2022_to_2023,1.0175941639685175
2023-07-18,A_45_35_20,2020_2022_to_2023,1.0175414862436176
2023-07-19,A_45_35_20,2020_2022_to_2023,1.0187851895395978
2023-07-20,A_45_35_20,2020_2022_to_2023,1.016517959551161
2023-07-21,A_45_35_20,2020_2022_to_2023,1.0155330963086908
2023-07-24,A_45_35_20,2020_2022_to_2023,1.0149705288946067
2023-07-25,A_45_35_20,2020_2022_to_2023,1.0194764955197593
2023-07-26,A_45_35_20,2020_2022_to_2023,1.0181206082494547
2023-07-27,A_45_35_20,2020_2022_to_2023,1.0189856025732307
2023-07-28,A_45_35_20,2020_2022_to_2023,1.0215227947443541
2023-07-31,A_45_35_20,2020_2022_to_2023,1.022706126083743
2023-08-01,A_45_35_20,2020_2022_to_2023,1.0224034215010933
2023-08-02,A_45_35_20,2020_2022_to_2023,1.021751681077323
2023-08-03,A_45_35_20,2020_2022_to_2023,1.02182994541518
2023-08-04,A_45_35_20,2020_2022_to_2023,1.0225971515728476
2023-08-07,A_45_35_20,2020_2022_to_2023,1.0215893864507994
2023-08-08,A_45_35_20,2020_2022_to_2023,1.0207493096614821
2023-08-09,A_45_35_20,2020_2022_to_2023,1.0208394630243438
2023-08-10,A_45_35_20,2020_2022_to_2023,1.0218391892843341
2023-08-11,A_45_35_20,2020_2022_to_2023,1.01943276279414
2023-08-14,A_45_35_20,2020_2022_to_2023,1.018776136034156
2023-08-15,A_45_35_20,2020_2022_to_2023,1.0192559248903879
2023-08-16,A_45_35_20,2020_2022_to_2023,1.019136824299446
2023-08-17,A_45_35_20,2020_2022_to_2023,1.0193425700155259
2023-08-18,A_45_35_20,2020_2022_to_2023,1.0185178458784108
2023-08-21,A_45_35_20,2020_2022_to_2023,1.0177201806022074
2023-08-22,A_45_35_20,2020_2022_to_2023,1.0194936544208395
2023-08-23,A_45_35_20,2020_2022_to_2023,1.0182985038035126
2023-08-24,A_45_35_20,2020_2022_to_2023,1.0191114970200035
2023-08-25,A_45_35_20,2020_2022_to_2023,1.0191103648197222
2023-08-28,A_45_35_20,2020_2022_to_2023,1.0214174545371602
2023-08-29,A_45_35_20,2020_2022_to_2023,1.0221914667560288
2023-08-30,A_45_35_20,2020_2022_to_2023,1.0217270711563486
2023-08-31,A_45_35_20,2020_2022_to_2023,1.0213526863396958
2023-09-01,A_45_35_20,2020_2022_to_2023,1.0216857505946313
2023-09-04,A_45_35_20,2020_2022_to_2023,1.0225388013850443
2023-09-05,A_45_35_20,2020_2022_to_2023,1.0212713137961005
2023-09-06,A_45_35_20,2020_2022_to_2023,1.0207014291785075
2023-09-07,A_45_35_20,2020_2022_to_2023,1.0200028579559888
2023-09-08,A_45_35_20,2020_2022_to_2023,1.0197768652439245
2023-09-11,A_45_35_20,2020_2022_to_2023,1.0208753809281248
2023-09-12,A_45_35_20,2020_2022_to_2023,1.0208983603946082
2023-09-13,A_45_35_20,2020_2022_to_2023,1.0195035943445672
2023-09-14,A_45_35_20,2020_2022_to_2023,1.021026862564871
2023-09-15,A_45_35_20,2020_2022_to_2023,1.0197701508887869
2023-09-18,A_45_35_20,2020_2022_to_2023,1.0189620392569398
2023-09-19,A_45_35_20,2020_2022_to_2023,1.0188882312065015
2023-09-20,A_45_35_20,2020_2022_to_2023,1.0187654026738562
2023-09-21,A_45_35_20,2020_2022_to_2023,1.0174520055062188
2023-09-22,A_45_35_20,2020_2022_to_2023,1.019049595700161
2023-09-25,A_45_35_20,2020_2022_to_2023,1.0190056056170438
2023-09-26,A_45_35_20,2020_2022_to_2023,1.0179146112470392
2023-09-27,A_45_35_20,2020_2022_to_2023,1.0147169454288505
2023-09-28,A_45_35_20,2020_2022_to_2023,1.010893045183008
2023-10-09,A_45_35_20,2020_2022_to_2023,1.0059188197655125
2023-10-10,A_45_35_20,2020_2022_to_2023,1.0036446260559473
2023-10-11,A_45_35_20,2020_2022_to_2023,1.0041067832667128
2023-10-12,A_45_35_20,2020_2022_to_2023,1.0063856765402897
2023-10-13,A_45_35_20,2020_2022_to_2023,1.0057774618379098
2023-10-16,A_45_35_20,2020_2022_to_2023,1.0059595700650448
2023-10-17,A_45_35_20,2020_2022_to_2023,1.0067101687932292
2023-10-18,A_45_35_20,2020_2022_to_2023,1.0053164676414286
2023-10-19,A_45_35_20,2020_2022_to_2023,1.000807001715485
2023-10-20,A_45_35_20,2020_2022_to_2023,0.999327331780656
2023-10-23,A_45_35_20,2020_2022_to_2023,0.9966312819896089
2023-10-24,A_45_35_20,2020_2022_to_2023,0.9974975093541891
2023-10-25,A_45_35_20,2020_2022_to_2023,0.997272495909499
2023-10-26,A_45_35_20,2020_2022_to_2023,0.9985349669202553
2023-10-27,A_45_35_20,2020_2022_to_2023,1.0013713868612784
2023-10-30,A_45_35_20,2020_2022_to_2023,1.0010071687371613
2023-10-31,A_45_35_20,2020_2022_to_2023,1.0009278756866296
2023-11-01,A_45_35_20,2020_2022_to_2023,0.9998126633709279
2023-11-02,A_45_35_20,2020_2022_to_2023,0.9989962184883643
2023-11-03,A_45_35_20,2020_2022_to_2023,1.0032778492550056
2023-11-06,A_45_35_20,2020_2022_to_2023,1.0087758890527587
2023-11-07,A_45_35_20,2020_2022_to_2023,1.0085228237674493
2023-11-08,A_45_35_20,2020_2022_to_2023,1.0082342469044918
2023-11-09,A_45_35_20,2020_2022_to_2023,1.005720723855397
2023-11-10,A_45_35_20,2020_2022_to_2023,1.005234024406239
2023-11-13,A_45_35_20,2020_2022_to_2023,1.005201479573244
2023-11-14,A_45_35_20,2020_2022_to_2023,1.0067003675809336
2023-11-15,A_45_35_20,2020_2022_to_2023,1.008280742723898
2023-11-16,A_45_35_20,2020_2022_to_2023,1.0049916340887741
2023-11-17,A_45_35_20,2020_2022_to_2023,1.0058936749929024
2023-11-20,A_45_35_20,2020_2022_to_2023,1.0039543630716894
2023-11-21,A_45_35_20,2020_2022_to_2023,1.0021144927749022
2023-11-22,A_45_35_20,2020_2022_to_2023,0.9993208762056638
2023-11-23,A_45_35_20,2020_2022_to_2023,1.0010025847863862
2023-11-24,A_45_35_20,2020_2022_to_2023,0.9989510712790818
2023-11-27,A_45_35_20,2020_2022_to_2023,1.0010529989714547
2023-11-28,A_45_35_20,2020_2022_to_2023,1.0020146606973666
2023-11-29,A_45_35_20,2020_2022_to_2023,1.0022591477118246
2023-11-30,A_45_35_20,2020_2022_to_2023,1.0020301153463547
2023-12-01,A_45_35_20,2020_2022_to_2023,1.0024461189672593
2023-12-04,A_45_35_20,2020_2022_to_2023,1.0022547240392086
2023-12-05,A_45_35_20,2020_2022_to_2023,0.9960838712306942
2023-12-06,A_45_35_20,2020_2022_to_2023,0.9972942922919337
2023-12-07,A_45_35_20,2020_2022_to_2023,0.9988853967809362
2023-12-08,A_45_35_20,2020_2022_to_2023,1.001411606820085
2023-12-11,A_45_35_20,2020_2022_to_2023,1.0056128118800334
2023-12-12,A_45_35_20,2020_2022_to_2023,1.006313567955677
2023-12-13,A_45_35_20,2020_2022_to_2023,1.0037528314583624
2023-12-14,A_45_35_20,2020_2022_to_2023,1.0029728744883142
2023-12-15,A_45_35_20,2020_2022_to_2023,1.002261833972829
2023-12-18,A_45_35_20,2020_2022_to_2023,0.9992929624722929
2023-12-19,A_45_35_20,2020_2022_to_2023,1.001060012296417
2023-12-20,A_45_35_20,2020_2022_to_2023,0.9966249023362082
2023-12-21,A_45_35_20,2020_2022_to_2023,0.998969505279975
2023-12-22,A_45_35_20,2020_2022_to_2023,0.9939374092066134
2023-12-25,A_45_35_20,2020_2022_to_2023,0.9929742596319154
2023-12-26,A_45_35_20,2020_2022_to_2023,0.9894154891312372
2023-12-27,A_45_35_20,2020_2022_to_2023,0.99099694908779
2023-12-28,A_45_35_20,2020_2022_to_2023,0.9945070920028716
2023-12-29,A_45_35_20,2020_2022_to_2023,0.9980826403358785
2024-01-02,A_45_35_20,2020_2023_to_2024,0.9980826403358785
2024-01-03,A_45_35_20,2020_2023_to_2024,0.9966697389646103
2024-01-04,A_45_35_20,2020_2023_to_2024,0.9962549846329442
2024-01-05,A_45_35_20,2020_2023_to_2024,0.9951718556047295
2024-01-08,A_45_35_20,2020_2023_to_2024,0.9935098581637961
2024-01-09,A_45_35_20,2020_2023_to_2024,0.9927950566520255
2024-01-10,A_45_35_20,2020_2023_to_2024,0.9924509936727048
2024-01-11,A_45_35_20,2020_2023_to_2024,0.9921703150037017
2024-01-12,A_45_35_20,2020_2023_to_2024,0.992185029648755
2024-01-15,A_45_35_20,2020_2023_to_2024,0.9931360001914041
2024-01-16,A_45_35_20,2020_2023_to_2024,0.9926932131653545
2024-01-17,A_45_35_20,2020_2023_to_2024,0.9907787030893409
2024-01-18,A_45_35_20,2020_2023_to_2024,0.9885062967414171
2024-01-19,A_45_35_20,2020_2023_to_2024,0.9905350142634018
2024-01-22,A_45_35_20,2020_2023_to_2024,0.9905406440399851
2024-01-23,A_45_35_20,2020_2023_to_2024,0.9906766267634369
2024-01-24,A_45_35_20,2020_2023_to_2024,0.9915061163893506
2024-01-25,A_45_35_20,2020_2023_to_2024,0.9908279348832408
2024-01-26,A_45_35_20,2020_2023_to_2024,0.991755327929924
2024-01-29,A_45_35_20,2020_2023_to_2024,0.9901747366592184
2024-01-30,A_45_35_20,2020_2023_to_2024,0.9902839661221443
2024-01-31,A_45_35_20,2020_2023_to_2024,0.9912068792939639
2024-02-01,A_45_35_20,2020_2023_to_2024,0.9914838175854784
2024-02-02,A_45_35_20,2020_2023_to_2024,0.9923221637487654
2024-02-05,A_45_35_20,2020_2023_to_2024,0.9928758279037645
2024-02-06,A_45_35_20,2020_2023_to_2024,0.9935824034118598
2024-02-07,A_45_35_20,2020_2023_to_2024,0.9948508489485121
2024-02-08,A_45_35_20,2020_2023_to_2024,0.9949295071124218
2024-02-19,A_45_35_20,2020_2023_to_2024,0.9969769553850725
2024-02-20,A_45_35_20,2020_2023_to_2024,0.9971778307060417
2024-02-21,A_45_35_20,2020_2023_to_2024,0.9989252618897545
2024-02-22,A_45_35_20,2020_2023_to_2024,1.0014156697867376
2024-02-23,A_45_35_20,2020_2023_to_2024,1.0014720988097756
2024-02-26,A_45_35_20,2020_2023_to_2024,0.9996461045128859
2024-02-27,A_45_35_20,2020_2023_to_2024,1.0002070424999587
2024-02-28,A_45_35_20,2020_2023_to_2024,0.9998452623461564
2024-02-29,A_45_35_20,2020_2023_to_2024,1.0009202863339883
2024-03-01,A_45_35_20,2020_2023_to_2024,1.0017944644785044
2024-03-04,A_45_35_20,2020_2023_to_2024,1.0029600791554962
2024-03-05,A_45_35_20,2020_2023_to_2024,1.0046858532859233
2024-03-06,A_45_35_20,2020_2023_to_2024,1.0038867556343
2024-03-07,A_45_35_20,2020_2023_to_2024,1.004073642310324
2024-03-08,A_45_35_20,2020_2023_to_2024,1.0060020970563974
2024-03-11,A_45_35_20,2020_2023_to_2024,1.0050945431350338
2024-03-12,A_45_35_20,2020_2023_to_2024,1.003852958177147
2024-03-13,A_45_35_20,2020_2023_to_2024,1.0021952570323052
2024-03-14,A_45_35_20,2020_2023_to_2024,1.0018479854930795
2024-03-15,A_45_35_20,2020_2023_to_2024,1.0022474276316393
2024-03-18,A_45_35_20,2020_2023_to_2024,1.0041838015664448
2024-03-19,A_45_35_20,2020_2023_to_2024,1.0036651800197463
2024-03-20,A_45_35_20,2020_2023_to_2024,1.0046129074474752
2024-03-21,A_45_35_20,2020_2023_to_2024,1.0062627549929837
2024-03-22,A_45_35_20,2020_2023_to_2024,1.0052799269177874
2024-03-25,A_45_35_20,2020_2023_to_2024,1.0042891046595912
2024-03-26,A_45_35_20,2020_2023_to_2024,1.0054104771971903
2024-03-27,A_45_35_20,2020_2023_to_2024,1.0048945934718652
2024-03-28,A_45_35_20,2020_2023_to_2024,1.0052675732136798
2024-03-29,A_45_35_20,2020_2023_to_2024,1.0074019548316888
2024-04-01,A_45_35_20,2020_2023_to_2024,1.0090321272351142
2024-04-02,A_45_35_20,2020_2023_to_2024,1.009390283865164
2024-04-03,A_45_35_20,2020_2023_to_2024,1.0118497302277207
2024-04-08,A_45_35_20,2020_2023_to_2024,1.0146287305175035
2024-04-09,A_45_35_20,2020_2023_to_2024,1.0151865764178087
2024-04-10,A_45_35_20,2020_2023_to_2024,1.0157817669612161
2024-04-11,A_45_35_20,2020_2023_to_2024,1.0152598641229915
2024-04-12,A_45_35_20,2020_2023_to_2024,1.0169457420267196
2024-04-15,A_45_35_20,2020_2023_to_2024,1.016876686838007
2024-04-16,A_45_35_20,2020_2023_to_2024,1.0144989964516242
2024-04-17,A_45_35_20,2020_2023_to_2024,1.015123580854734
2024-04-18,A_45_35_20,2020_2023_to_2024,1.015887884915644
2024-04-19,A_45_35_20,2020_2023_to_2024,1.0155839099767825
2024-04-22,A_45_35_20,2020_2023_to_2024,1.014716681545591
2024-04-23,A_45_35_20,2020_2023_to_2024,1.0114214001999116
2024-04-24,A_45_35_20,2020_2023_to_2024,1.0134177842705256
2024-04-25,A_45_35_20,2020_2023_to_2024,1.0130332956654073
2024-04-26,A_45_35_20,2020_2023_to_2024,1.0167186328978033
2024-04-29,A_45_35_20,2020_2023_to_2024,1.0160809929570533
2024-04-30,A_45_35_20,2020_2023_to_2024,1.0153241025422044
2024-05-06,A_45_35_20,2020_2023_to_2024,1.0177990691266203
2024-05-07,A_45_35_20,2020_2023_to_2024,1.0193162321446707
2024-05-08,A_45_35_20,2020_2023_to_2024,1.0170679186005143
2024-05-09,A_45_35_20,2020_2023_to_2024,1.0201773982216908
2024-05-10,A_45_35_20,2020_2023_to_2024,1.0292674377344044
2024-05-13,A_45_35_20,2020_2023_to_2024,1.031383658347389
2024-05-14,A_45_35_20,2020_2023_to_2024,1.0299701144651539
2024-05-15,A_45_35_20,2020_2023_to_2024,1.030859540869614
2024-05-16,A_45_35_20,2020_2023_to_2024,1.0372036826444155
2024-05-17,A_45_35_20,2020_2023_to_2024,1.04113875616677
2024-05-20,A_45_35_20,2020_2023_to_2024,1.0457092152601004
2024-05-21,A_45_35_20,2020_2023_to_2024,1.0430919347991812
2024-05-22,A_45_35_20,2020_2023_to_2024,1.0423267126760067
2024-05-23,A_45_35_20,2020_2023_to_2024,1.0357276890652043
2024-05-24,A_45_35_20,2020_2023_to_2024,1.0325766222834203
2024-05-27,A_45_35_20,2020_2023_to_2024,1.036297862269418
2024-05-28,A_45_35_20,2020_2023_to_2024,1.0367786450025849
2024-05-29,A_45_35_20,2020_2023_to_2024,1.0334875313800669
2024-05-30,A_45_35_20,2020_2023_to_2024,1.0295638791751507
2024-05-31,A_45_35_20,2020_2023_to_2024,1.0272146516033684
2024-06-03,A_45_35_20,2020_2023_to_2024,1.0271323943944561
2024-06-04,A_45_35_20,2020_2023_to_2024,1.027484271144468
2024-06-05,A_45_35_20,2020_2023_to_2024,1.0269475334700457
2024-06-06,A_45_35_20,2020_2023_to_2024,1.0294243103607157
2024-06-07,A_45_35_20,2020_2023_to_2024,1.0317546383250666
2024-06-11,A_45_35_20,2020_2023_to_2024,1.0259449228370057
2024-06-12,A_45_35_20,2020_2023_to_2024,1.0284020503127527
2024-06-13,A_45_35_20,2020_2023_to_2024,1.0279170268729823
2024-06-14,A_45_35_20,2020_2023_to_2024,1.0287604679856122
2024-06-17,A_45_35_20,2020_2023_to_2024,1.0268544681290839
2024-06-18,A_45_35_20,2020_2023_to_2024,1.0275360875994408
2024-06-19,A_45_35_20,2020_2023_to_2024,1.029792800223691
2024-06-20,A_45_35_20,2020_2023_to_2024,1.0305436818805227
2024-06-21,A_45_35_20,2020_2023_to_2024,1.0292796132785145
2024-06-24,A_45_35_20,2020_2023_to_2024,1.0252672105017266
2024-06-25,A_45_35_20,2020_2023_to_2024,1.026938949582587
2024-06-26,A_45_35_20,2020_2023_to_2024,1.0269869924127193
2024-06-27,A_45_35_20,2020_2023_to_2024,1.0273431720838944
2024-06-28,A_45_35_20,2020_2023_to_2024,1.0300562494153065
2024-06-30,A_45_35_20,2020_2023_to_2024,1.0300576965193007
2024-07-01,A_45_35_20,2020_2023_to_2024,1.0292625618195788
2024-07-02,A_45_35_20,2020_2023_to_2024,1.029919611728995
2024-07-03,A_45_35_20,2020_2023_to_2024,1.0325901785394462
2024-07-04,A_45_35_20,2020_2023_to_2024,1.033117737820932
2024-07-05,A_45_35_20,2020_2023_to_2024,1.0333542559219102
2024-07-08,A_45_35_20,2020_2023_to_2024,1.0340927064197742
2024-07-09,A_45_35_20,2020_2023_to_2024,1.0312255430615431
2024-07-10,A_45_35_20,2020_2023_to_2024,1.0318453808069061
2024-07-11,A_45_35_20,2020_2023_to_2024,1.031944557297179
2024-07-12,A_45_35_20,2020_2023_to_2024,1.0313872245346907
2024-07-15,A_45_35_20,2020_2023_to_2024,1.0301356214134225
2024-07-16,A_45_35_20,2020_2023_to_2024,1.0320122390432809
2024-07-17,A_45_35_20,2020_2023_to_2024,1.0349018292275949
2024-07-18,A_45_35_20,2020_2023_to_2024,1.0338788652088065
2024-07-19,A_45_35_20,2020_2023_to_2024,1.0273974012324114
2024-07-22,A_45_35_20,2020_2023_to_2024,1.028016125529773
2024-07-23,A_45_35_20,2020_2023_to_2024,1.0261624082644298
2024-07-24,A_45_35_20,2020_2023_to_2024,1.0281489654377522
2024-07-25,A_45_35_20,2020_2023_to_2024,1.0214060792571569
2024-07-26,A_45_35_20,2020_2023_to_2024,1.023397570232234
2024-07-29,A_45_35_20,2020_2023_to_2024,1.0233176906352246
2024-07-30,A_45_35_20,2020_2023_to_2024,1.022260849669592
2024-07-31,A_45_35_20,2020_2023_to_2024,1.0241269966608002
2024-08-01,A_45_35_20,2020_2023_to_2024,1.0268824703722423
2024-08-02,A_45_35_20,2020_2023_to_2024,1.021939490084355
2024-08-05,A_45_35_20,2020_2023_to_2024,1.0143381916719019
2024-08-06,A_45_35_20,2020_2023_to_2024,1.016404556695354
2024-08-07,A_45_35_20,2020_2023_to_2024,1.0164032760000676
2024-08-08,A_45_35_20,2020_2023_to_2024,1.0171235849735734
2024-08-09,A_45_35_20,2020_2023_to_2024,1.016954848652399
2024-08-12,A_45_35_20,2020_2023_to_2024,1.0169653732941613
2024-08-13,A_45_35_20,2020_2023_to_2024,1.0198318945957963
2024-08-14,A_45_35_20,2020_2023_to_2024,1.0185494549322733
2024-08-15,A_45_35_20,2020_2023_to_2024,1.0211011489633153
2024-08-16,A_45_35_20,2020_2023_to_2024,1.0212864050577364
2024-08-19,A_45_35_20,2020_2023_to_2024,1.022601532021712
2024-08-20,A_45_35_20,2020_2023_to_2024,1.0212716908569512
2024-08-21,A_45_35_20,2020_2023_to_2024,1.0212432643361877
2024-08-22,A_45_35_20,2020_2023_to_2024,1.0186646775449737
2024-08-23,A_45_35_20,2020_2023_to_2024,1.0198109498738555
2024-08-26,A_45_35_20,2020_2023_to_2024,1.0201862417420822
2024-08-27,A_45_35_20,2020_2023_to_2024,1.018650731691153
2024-08-28,A_45_35_20,2020_2023_to_2024,1.018817007157893
2024-08-29,A_45_35_20,2020_2023_to_2024,1.019870133639384
2024-08-30,A_45_35_20,2020_2023_to_2024,1.0236499624065305
2024-09-02,A_45_35_20,2020_2023_to_2024,1.0185685729833445
2024-09-03,A_45_35_20,2020_2023_to_2024,1.0174149941891402
2024-09-04,A_45_35_20,2020_2023_to_2024,1.0151296145125641
2024-09-05,A_45_35_20,2020_2023_to_2024,1.0151429352688512
2024-09-06,A_45_35_20,2020_2023_to_2024,1.0146118383052345
2024-09-09,A_45_35_20,2020_2023_to_2024,1.0128367122720645
2024-09-10,A_45_35_20,2020_2023_to_2024,1.0136548295276588
2024-09-11,A_45_35_20,2020_2023_to_2024,1.0131424424557567
2024-09-12,A_45_35_20,2020_2023_to_2024,1.0148508779670198
2024-09-13,A_45_35_20,2020_2023_to_2024,1.0172300027395444
2024-09-18,A_45_35_20,2020_2023_to_2024,1.0196780915545662
2024-09-19,A_45_35_20,2020_2023_to_2024,1.0235384039169955
2024-09-20,A_45_35_20,2020_2023_to_2024,1.0250353948469852
2024-09-23,A_45_35_20,2020_2023_to_2024,1.0257056691718862
2024-09-24,A_45_35_20,2020_2023_to_2024,1.032957766061452
2024-09-25,A_45_35_20,2020_2023_to_2024,1.0348953849157119
2024-09-26,A_45_35_20,2020_2023_to_2024,1.043431781282663
2024-09-27,A_45_35_20,2020_2023_to_2024,1.0480020395658711
2024-09-30,A_45_35_20,2020_2023_to_2024,1.0523873014530363
2024-10-08,A_45_35_20,2020_2023_to_2024,1.05303874240597
2024-10-09,A_45_35_20,2020_2023_to_2024,1.0283719432581413
2024-10-10,A_45_35_20,2020_2023_to_2024,1.0273367045089121
2024-10-11,A_45_35_20,2020_2023_to_2024,1.0220246802217188
2024-10-14,A_45_35_20,2020_2023_to_2024,1.0243369759730279
2024-10-15,A_45_35_20,2020_2023_to_2024,1.008770287506244
2024-10-16,A_45_35_20,2020_2023_to_2024,1.0103314933856111
2024-10-17,A_45_35_20,2020_2023_to_2024,1.007839848755029
2024-10-18,A_45_35_20,2020_2023_to_2024,1.034509016346002
2024-10-21,A_45_35_20,2020_2023_to_2024,1.0329397275467682
2024-10-22,A_45_35_20,2020_2023_to_2024,1.0369931262920815
2024-10-23,A_45_35_20,2020_2023_to_2024,1.0386139101726497
2024-10-24,A_45_35_20,2020_2023_to_2024,1.0329326613959855
2024-10-25,A_45_35_20,2020_2023_to_2024,1.0359612149782305
2024-10-28,A_45_35_20,2020_2023_to_2024,1.0401727328458923
2024-10-29,A_45_35_20,2020_2023_to_2024,1.0405574174720509
2024-10-30,A_45_35_20,2020_2023_to_2024,1.0389502194251528
2024-10-31,A_45_35_20,2020_2023_to_2024,1.0406935255579872
2024-11-01,A_45_35_20,2020_2023_to_2024,1.0337634211532907
2024-11-04,A_45_35_20,2020_2023_to_2024,1.0362466776083208
2024-11-05,A_45_35_20,2020_2023_to_2024,1.048465172913291
2024-11-06,A_45_35_20,2020_2023_to_2024,1.053637359482656
2024-11-07,A_45_35_20,2020_2023_to_2024,1.0569065114427862
2024-11-08,A_45_35_20,2020_2023_to_2024,1.057264442944402
2024-11-11,A_45_35_20,2020_2023_to_2024,1.0666147865167743
2024-11-12,A_45_35_20,2020_2023_to_2024,1.0583729592581939
2024-11-13,A_45_35_20,2020_2023_to_2024,1.059107865734173
2024-11-14,A_45_35_20,2020_2023_to_2024,1.0453565001120577
2024-11-15,A_45_35_20,2020_2023_to_2024,1.0360236295566332
2024-11-18,A_45_35_20,2020_2023_to_2024,1.0340018787667995
2024-11-19,A_45_35_20,2020_2023_to_2024,1.0448418262758454
2024-11-20,A_45_35_20,2020_2023_to_2024,1.0459174643460039
2024-11-21,A_45_35_20,2020_2023_to_2024,1.0521039730183106
2024-11-22,A_45_35_20,2020_2023_to_2024,1.0478901253974626
2024-11-25,A_45_35_20,2020_2023_to_2024,1.042012692360258
2024-11-26,A_45_35_20,2020_2023_to_2024,1.0367059289495029
2024-11-27,A_45_35_20,2020_2023_to_2024,1.0463597162698066
2024-11-28,A_45_35_20,2020_2023_to_2024,1.0439786774337236
2024-11-29,A_45_35_20,2020_2023_to_2024,1.0524870582620012
2024-12-02,A_45_35_20,2020_2023_to_2024,1.0536717133427225
2024-12-03,A_45_35_20,2020_2023_to_2024,1.0562180511210584
2024-12-04,A_45_35_20,2020_2023_to_2024,1.057027923556698
2024-12-05,A_45_35_20,2020_2023_to_2024,1.0574208772107647
2024-12-06,A_45_35_20,2020_2023_to_2024,1.0588828625227407
2024-12-09,A_45_35_20,2020_2023_to_2024,1.0584348564097124
2024-12-10,A_45_35_20,2020_2023_to_2024,1.0605771980411614
2024-12-11,A_45_35_20,2020_2023_to_2024,1.062848872152641
2024-12-12,A_45_35_20,2020_2023_to_2024,1.0654795493185394
2024-12-13,A_45_35_20,2020_2023_to_2024,1.0611162306342172
2024-12-16,A_45_35_20,2020_2023_to_2024,1.061674050338728
2024-12-17,A_45_35_20,2020_2023_to_2024,1.060503096222347
2024-12-18,A_45_35_20,2020_2023_to_2024,1.0569145470182049
2024-12-19,A_45_35_20,2020_2023_to_2024,1.056002684957865
2024-12-20,A_45_35_20,2020_2023_to_2024,1.0567749403593065
2024-12-23,A_45_35_20,2020_2023_to_2024,1.060418033590049
2024-12-24,A_45_35_20,2020_2023_to_2024,1.0631385487096832
2024-12-25,A_45_35_20,2020_2023_to_2024,1.0643798672678912
2024-12-26,A_45_35_20,2020_2023_to_2024,1.0654605549561293
2024-12-27,A_45_35_20,2020_2023_to_2024,1.063471328772152
2024-12-30,A_45_35_20,2020_2023_to_2024,1.0618072662679334
2024-12-31,A_45_35_20,2020_2023_to_2024,1.0579474004455292
2025-01-02,A_45_35_20,2020_2024_to_2025,1.0579474004455292
2025-01-03,A_45_35_20,2020_2024_to_2025,1.0566287647346404
2025-01-06,A_45_35_20,2020_2024_to_2025,1.0561317709532076
2025-01-07,A_45_35_20,2020_2024_to_2025,1.0584018995178666
2025-01-08,A_45_35_20,2020_2024_to_2025,1.0577690213925266
2025-01-09,A_45_35_20,2020_2024_to_2025,1.0574650942611332
2025-01-10,A_45_35_20,2020_2024_to_2025,1.0541460779778733
2025-01-13,A_45_35_20,2020_2024_to_2025,1.0526032625779222
2025-01-14,A_45_35_20,2020_2024_to_2025,1.058955246207495
2025-01-15,A_45_35_20,2020_2024_to_2025,1.059118082306061
2025-01-16,A_45_35_20,2020_2024_to_2025,1.061487493900677
2025-01-17,A_45_35_20,2020_2024_to_2025,1.0623034926287882
2025-01-20,A_45_35_20,2020_2024_to_2025,1.0642588823060029
2025-01-21,A_45_35_20,2020_2024_to_2025,1.0666696055864997
2025-01-22,A_45_35_20,2020_2024_to_2025,1.0649977134497153
2025-01-23,A_45_35_20,2020_2024_to_2025,1.065589918952353
2025-01-24,A_45_35_20,2020_2024_to_2025,1.0695449362049765
2025-01-27,A_45_35_20,2020_2024_to_2025,1.0689864054154776
2025-02-05,A_45_35_20,2020_2024_to_2025,1.0692289076756962
2025-02-06,A_45_35_20,2020_2024_to_2025,1.0728579141797372
2025-02-07,A_45_35_20,2020_2024_to_2025,1.0738347244781132
2025-02-10,A_45_35_20,2020_2024_to_2025,1.0769910481313105
2025-02-11,A_45_35_20,2020_2024_to_2025,1.0771963521899408
2025-02-12,A_45_35_20,2020_2024_to_2025,1.0794827846469857
2025-02-13,A_45_35_20,2020_2024_to_2025,1.079976909248479
2025-02-14,A_45_35_20,2020_2024_to_2025,1.0842932016197548
2025-02-17,A_45_35_20,2020_2024_to_2025,1.082207870469117
2025-02-18,A_45_35_20,2020_2024_to_2025,1.0842186617812362
2025-02-19,A_45_35_20,2020_2024_to_2025,1.0851851146133746
2025-02-20,A_45_35_20,2020_2024_to_2025,1.0836950723837873
2025-02-21,A_45_35_20,2020_2024_to_2025,1.0863554774337467
2025-02-24,A_45_35_20,2020_2024_to_2025,1.0847228131455322
2025-02-25,A_45_35_20,2020_2024_to_2025,1.0823257553906742
2025-02-26,A_45_35_20,2020_2024_to_2025,1.0858798481941783
2025-02-27,A_45_35_20,2020_2024_to_2025,1.0842854329411313
2025-02-28,A_45_35_20,2020_2024_to_2025,1.0789897054213022
2025-03-03,A_45_35_20,2020_2024_to_2025,1.0811479449892918
2025-03-04,A_45_35_20,2020_2024_to_2025,1.0792450457926894
2025-03-05,A_45_35_20,2020_2024_to_2025,1.0921134522216704
2025-03-06,A_45_35_20,2020_2024_to_2025,1.112075691751399
2025-03-07,A_45_35_20,2020_2024_to_2025,1.1069108805787389
2025-03-10,A_45_35_20,2020_2024_to_2025,1.0973818447143187
2025-03-11,A_45_35_20,2020_2024_to_2025,1.100365312476122
2025-03-12,A_45_35_20,2020_2024_to_2025,1.0959442008199163
2025-03-13,A_45_35_20,2020_2024_to_2025,1.0897235557006852
2025-03-14,A_45_35_20,2020_2024_to_2025,1.1058126608761838
2025-03-17,A_45_35_20,2020_2024_to_2025,1.1064279456884722
2025-03-18,A_45_35_20,2020_2024_to_2025,1.1191399063257539
2025-03-19,A_45_35_20,2020_2024_to_2025,1.1177687778873326
2025-03-20,A_45_35_20,2020_2024_to_2025,1.1086158807107678
2025-03-21,A_45_35_20,2020_2024_to_2025,1.0909557303549238
2025-03-24,A_45_35_20,2020_2024_to_2025,1.0946338567115144
2025-03-25,A_45_35_20,2020_2024_to_2025,1.0805452713744612
2025-03-26,A_45_35_20,2020_2024_to_2025,1.0837646403859829
2025-03-27,A_45_35_20,2020_2024_to_2025,1.0905317445645644
2025-03-28,A_45_35_20,2020_2024_to_2025,1.0862173131612698
2025-03-31,A_45_35_20,2020_2024_to_2025,1.0790936009451706
2025-04-01,A_45_35_20,2020_2024_to_2025,1.0804200168237488
2025-04-02,A_45_35_20,2020_2024_to_2025,1.0807839400264663
2025-04-03,A_45_35_20,2020_2024_to_2025,1.0795946066403568
2025-04-07,A_45_35_20,2020_2024_to_2025,1.0562770550358802
2025-04-08,A_45_35_20,2020_2024_to_2025,1.059691949817882
2025-04-09,A_45_35_20,2020_2024_to_2025,1.0606745911092514
2025-04-10,A_45_35_20,2020_2024_to_2025,1.066338863218782
2025-04-11,A_45_35_20,2020_2024_to_2025,1.0705971241718577
2025-04-14,A_45_35_20,2020_2024_to_2025,1.0752476946428913
2025-04-15,A_45_35_20,2020_2024_to_2025,1.0761667929030667
2025-04-16,A_45_35_20,2020_2024_to_2025,1.0769996856569217
2025-04-17,A_45_35_20,2020_2024_to_2025,1.078282315614763
2025-04-18,A_45_35_20,2020_2024_to_2025,1.0789679182619667
2025-04-21,A_45_35_20,2020_2024_to_2025,1.0806971882819252
2025-04-22,A_45_35_20,2020_2024_to_2025,1.0859979934654167
2025-04-23,A_45_35_20,2020_2024_to_2025,1.0825233411037019
2025-04-24,A_45_35_20,2020_2024_to_2025,1.0844131329415314
2025-04-25,A_45_35_20,2020_2024_to_2025,1.083402977143105
2025-04-28,A_45_35_20,2020_2024_to_2025,1.0825938267383526
2025-04-29,A_45_35_20,2020_2024_to_2025,1.0830440941844803
2025-04-30,A_45_35_20,2020_2024_to_2025,1.0815361165305315
2025-05-06,A_45_35_20,2020_2024_to_2025,1.083852317127047
2025-05-07,A_45_35_20,2020_2024_to_2025,1.0862475334213928
2025-05-08,A_45_35_20,2020_2024_to_2025,1.0859502874855396
2025-05-09,A_45_35_20,2020_2024_to_2025,1.0858178833785077
2025-05-12,A_45_35_20,2020_2024_to_2025,1.0843454296949901
2025-05-13,A_45_35_20,2020_2024_to_2025,1.08643170233818
2025-05-14,A_45_35_20,2020_2024_to_2025,1.087650494741989
2025-05-15,A_45_35_20,2020_2024_to_2025,1.0838806026982972
2025-05-16,A_45_35_20,2020_2024_to_2025,1.084144100982346
2025-05-19,A_45_35_20,2020_2024_to_2025,1.084535786244849
2025-05-20,A_45_35_20,2020_2024_to_2025,1.0850355790227222
2025-05-21,A_45_35_20,2020_2024_to_2025,1.0869668374542403
2025-05-22,A_45_35_20,2020_2024_to_2025,1.0877836629095716
2025-05-23,A_45_35_20,2020_2024_to_2025,1.0858922304360985
2025-05-26,A_45_35_20,2020_2024_to_2025,1.085745108778245
2025-05-27,A_45_35_20,2020_2024_to_2025,1.0855208942095627
2025-05-28,A_45_35_20,2020_2024_to_2025,1.0846614987861765
2025-05-29,A_45_35_20,2020_2024_to_2025,1.085408223172197
2025-05-30,A_45_35_20,2020_2024_to_2025,1.08555474759756
2025-06-03,A_45_35_20,2020_2024_to_2025,1.0887275278116082
2025-06-04,A_45_35_20,2020_2024_to_2025,1.090484022991138
2025-06-05,A_45_35_20,2020_2024_to_2025,1.090331354533952
2025-06-06,A_45_35_20,2020_2024_to_2025,1.0904430652520756
2025-06-09,A_45_35_20,2020_2024_to_2025,1.09382949373169
2025-06-10,A_45_35_20,2020_2024_to_2025,1.0950324520287404
2025-06-11,A_45_35_20,2020_2024_to_2025,1.0966363796656755
2025-06-12,A_45_35_20,2020_2024_to_2025,1.098115025769768
2025-06-13,A_45_35_20,2020_2024_to_2025,1.096251578268495
2025-06-16,A_45_35_20,2020_2024_to_2025,1.0982636156390164
2025-06-17,A_45_35_20,2020_2024_to_2025,1.0953453585510804
2025-06-18,A_45_35_20,2020_2024_to_2025,1.094748923209557
2025-06-19,A_45_35_20,2020_2024_to_2025,1.0908283124521334
2025-06-20,A_45_35_20,2020_2024_to_2025,1.0924785060896256
2025-06-23,A_45_35_20,2020_2024_to_2025,1.0951333103878953
2025-06-24,A_45_35_20,2020_2024_to_2025,1.0990281652661538
2025-06-25,A_45_35_20,2020_2024_to_2025,1.1027346475369515
2025-06-26,A_45_35_20,2020_2024_to_2025,1.1014957989825667
2025-06-27,A_45_35_20,2020_2024_to_2025,1.1007687782522009
2025-06-30,A_45_35_20,2020_2024_to_2025,1.1012344234723763
2025-07-01,A_45_35_20,2020_2024_to_2025,1.1011770619417343
2025-07-02,A_45_35_20,2020_2024_to_2025,1.0944933395811431
2025-07-03,A_45_35_20,2020_2024_to_2025,1.1001569919278944
2025-07-04,A_45_35_20,2020_2024_to_2025,1.0977191230338412
2025-07-07,A_45_35_20,2020_2024_to_2025,1.096782054957847
2025-07-08,A_45_35_20,2020_2024_to_2025,1.1093441883321637
2025-07-09,A_45_35_20,2020_2024_to_2025,1.105355736013738
2025-07-10,A_45_35_20,2020_2024_to_2025,1.1072548074005757
2025-07-11,A_45_35_20,2020_2024_to_2025,1.116498434262985
2025-07-14,A_45_35_20,2020_2024_to_2025,1.1140266940967256
2025-07-15,A_45_35_20,2020_2024_to_2025,1.1222354678880153
2025-07-16,A_45_35_20,2020_2024_to_2025,1.1220965739722484
2025-07-17,A_45_35_20,2020_2024_to_2025,1.1305984436783645
2025-07-18,A_45_35_20,2020_2024_to_2025,1.1348280446183117
2025-07-21,A_45_35_20,2020_2024_to_2025,1.1382200032547805
2025-07-22,A_45_35_20,2020_2024_to_2025,1.1392161299167194
2025-07-23,A_45_35_20,2020_2024_to_2025,1.1401298033133447
2025-07-24,A_45_35_20,2020_2024_to_2025,1.1530331627205963
2025-07-25,A_45_35_20,2020_2024_to_2025,1.1582986470511338
2025-07-28,A_45_35_20,2020_2024_to_2025,1.1622870913877479
2025-07-29,A_45_35_20,2020_2024_to_2025,1.169877632070934
2025-07-30,A_45_35_20,2020_2024_to_2025,1.1628847259846946
2025-07-31,A_45_35_20,2020_2024_to_2025,1.1570026292429136
2025-08-01,A_45_35_20,2020_2024_to_2025,1.1495218383922061
2025-08-04,A_45_35_20,2020_2024_to_2025,1.1571176575171656
2025-08-05,A_45_35_20,2020_2024_to_2025,1.1699452600677407
2025-08-06,A_45_35_20,2020_2024_to_2025,1.1749794891833336
2025-08-07,A_45_35_20,2020_2024_to_2025,1.1673576646330845
2025-08-08,A_45_35_20,2020_2024_to_2025,1.1551478101837962
2025-08-11,A_45_35_20,2020_2024_to_2025,1.166957680586288
2025-08-12,A_45_35_20,2020_2024_to_2025,1.1781414268947348
2025-08-13,A_45_35_20,2020_2024_to_2025,1.2091023819088633
2025-08-14,A_45_35_20,2020_2024_to_2025,1.2096176555639144
2025-08-15,A_45_35_20,2020_2024_to_2025,1.2291779764082211
2025-08-18,A_45_35_20,2020_2024_to_2025,1.2550215681220165
2025-08-19,A_45_35_20,2020_2024_to_2025,1.2514337939663744
2025-08-20,A_45_35_20,2020_2024_to_2025,1.259121947406386
2025-08-21,A_45_35_20,2020_2024_to_2025,1.263050583282241
2025-08-22,A_45_35_20,2020_2024_to_2025,1.309793684542201
2025-08-25,A_45_35_20,2020_2024_to_2025,1.3401137221281292
2025-08-26,A_45_35_20,2020_2024_to_2025,1.3277021955678772
2025-08-27,A_45_35_20,2020_2024_to_2025,1.3148003449516563
2025-08-28,A_45_35_20,2020_2024_to_2025,1.3508466145018547
2025-08-29,A_45_35_20,2020_2024_to_2025,1.3512374647993273
2025-09-01,A_45_35_20,2020_2024_to_2025,1.3870696088347125
2025-09-02,A_45_35_20,2020_2024_to_2025,1.3464430690808298
2025-09-03,A_45_35_20,2020_2024_to_2025,1.339046757163604
2025-09-04,A_45_35_20,2020_2024_to_2025,1.2818584697271271
2025-09-05,A_45_35_20,2020_2024_to_2025,1.3310875016869712
2025-09-08,A_45_35_20,2020_2024_to_2025,1.3245188518358582
2025-09-09,A_45_35_20,2020_2024_to_2025,1.303836527547396
2025-09-10,A_45_35_20,2020_2024_to_2025,1.316106914640499
2025-09-11,A_45_35_20,2020_2024_to_2025,1.3735353141341975
2025-09-12,A_45_35_20,2020_2024_to_2025,1.3770479067945778
2025-09-15,A_45_35_20,2020_2024_to_2025,1.3753409510225532
2025-09-16,A_45_35_20,2020_2024_to_2025,1.3819434044833396
2025-09-17,A_45_35_20,2020_2024_to_2025,1.3954179191450444
2025-09-18,A_45_35_20,2020_2024_to_2025,1.3873171414053282
2025-09-19,A_45_35_20,2020_2024_to_2025,1.3836685959007553
2025-09-22,A_45_35_20,2020_2024_to_2025,1.4076775190234445
2025-09-23,A_45_35_20,2020_2024_to_2025,1.4007334825019744
2025-09-24,A_45_35_20,2020_2024_to_2025,1.424523184382823
2025-09-25,A_45_35_20,2020_2024_to_2025,1.4403466360310109
2025-09-26,A_45_35_20,2020_2024_to_2025,1.4123284477042113
2025-09-29,A_45_35_20,2020_2024_to_2025,1.442170136246134
2025-09-30,A_45_35_20,2020_2024_to_2025,1.4563674694107818
2025-10-09,A_45_35_20,2020_2024_to_2025,1.4834142341299354
2025-10-10,A_45_35_20,2020_2024_to_2025,1.4418834283872402
2025-10-13,A_45_35_20,2020_2024_to_2025,1.4529869792549917
2025-10-14,A_45_35_20,2020_2024_to_2025,1.4290958308949815
2025-10-15,A_45_35_20,2020_2024_to_2025,1.4515536444508315
2025-10-16,A_45_35_20,2020_2024_to_2025,1.452913922997347
2025-10-17,A_45_35_20,2020_2024_to_2025,1.4366071474313657
2025-10-20,A_45_35_20,2020_2024_to_2025,1.4410881837960512
2025-10-21,A_45_35_20,2020_2024_to_2025,1.4586007198595532
2025-10-22,A_45_35_20,2020_2024_to_2025,1.4361314162280598
2025-10-23,A_45_35_20,2020_2024_to_2025,1.4359394346837633
2025-10-24,A_45_35_20,2020_2024_to_2025,1.4535622674212263
2025-10-27,A_45_35_20,2020_2024_to_2025,1.4650695668369198
2025-10-28,A_45_35_20,2020_2024_to_2025,1.4507662729959168
2025-10-29,A_45_35_20,2020_2024_to_2025,1.4718304290116286
2025-10-30,A_45_35_20,2020_2024_to_2025,1.4624195523380612
2025-10-31,A_45_35_20,2020_2024_to_2025,1.4550792946554336
2025-11-03,A_45_35_20,2020_2024_to_2025,1.452421935153643
2025-11-04,A_45_35_20,2020_2024_to_2025,1.4465966159889445
2025-11-05,A_45_35_20,2020_2024_to_2025,1.4488300226647426
2025-11-06,A_45_35_20,2020_2024_to_2025,1.4609204223101822
2025-11-07,A_45_35_20,2020_2024_to_2025,1.461651443253537
2025-11-10,A_45_35_20,2020_2024_to_2025,1.4681895955478665
2025-11-11,A_45_35_20,2020_2024_to_2025,1.4715881578155425
2025-11-12,A_45_35_20,2020_2024_to_2025,1.472392268579758
2025-11-13,A_45_35_20,2020_2024_to_2025,1.480591213932648
2025-11-14,A_45_35_20,2020_2024_to_2025,1.471020339999917
2025-11-17,A_45_35_20,2020_2024_to_2025,1.4682301990009274
2025-11-18,A_45_35_20,2020_2024_to_2025,1.4560995177554297
2025-11-19,A_45_35_20,2020_2024_to_2025,1.4610772512190322
2025-11-20,A_45_35_20,2020_2024_to_2025,1.459204405137538
2025-11-21,A_45_35_20,2020_2024_to_2025,1.441673345164
2025-11-24,A_45_35_20,2020_2024_to_2025,1.4441212740765836
2025-11-25,A_45_35_20,2020_2024_to_2025,1.452253940747197
2025-11-26,A_45_35_20,2020_2024_to_2025,1.453032823240087
2025-11-27,A_45_35_20,2020_2024_to_2025,1.4539347739933366
2025-11-28,A_45_35_20,2020_2024_to_2025,1.4561256518332817
2025-12-01,A_45_35_20,2020_2024_to_2025,1.4589834644166
2025-12-02,A_45_35_20,2020_2024_to_2025,1.4622946434361608
2025-12-03,A_45_35_20,2020_2024_to_2025,1.45663388905059
2025-12-04,A_45_35_20,2020_2024_to_2025,1.458316067704905
2025-12-05,A_45_35_20,2020_2024_to_2025,1.4602564089047614
2025-12-08,A_45_35_20,2020_2024_to_2025,1.4506988808444794
2025-12-09,A_45_35_20,2020_2024_to_2025,1.442191876868994
2025-12-10,A_45_35_20,2020_2024_to_2025,1.4413405275674762
2025-12-11,A_45_35_20,2020_2024_to_2025,1.4399699423595664
2025-12-12,A_45_35_20,2020_2024_to_2025,1.4471817397787436
2025-12-15,A_45_35_20,2020_2024_to_2025,1.4433222156361993
2025-12-16,A_45_35_20,2020_2024_to_2025,1.4341646318617447
2025-12-17,A_45_35_20,2020_2024_to_2025,1.4385015155099035
2025-12-18,A_45_35_20,2020_2024_to_2025,1.4406122621391155
2025-12-19,A_45_35_20,2020_2024_to_2025,1.4435024909105458
2025-12-22,A_45_35_20,2020_2024_to_2025,1.446716585960426
2025-12-23,A_45_35_20,2020_2024_to_2025,1.4472047770440697
2025-12-24,A_45_35_20,2020_2024_to_2025,1.4466064863912618
2025-12-25,A_45_35_20,2020_2024_to_2025,1.4460924815924396
2025-12-26,A_45_35_20,2020_2024_to_2025,1.446655819510205
2025-12-29,A_45_35_20,2020_2024_to_2025,1.4426778215027394
2025-12-30,A_45_35_20,2020_2024_to_2025,1.4419992858774349
2025-12-31,A_45_35_20,2020_2024_to_2025,1.4370919364485293
2026-01-05,A_45_35_20,2020_2025_to_2026,1.4370919364485293
2026-01-06,A_45_35_20,2020_2025_to_2026,1.4541340663670215
2026-01-07,A_45_35_20,2020_2025_to_2026,1.4582227855480303
2026-01-08,A_45_35_20,2020_2025_to_2026,1.4617133945343126
2026-01-09,A_45_35_20,2020_2025_to_2026,1.4752314634612
2026-01-12,A_45_35_20,2020_2025_to_2026,1.493855937405033
2026-01-13,A_45_35_20,2020_2025_to_2026,1.480654920317959
2026-01-14,A_45_35_20,2020_2025_to_2026,1.4870121251280592
2026-01-15,A_45_35_20,2020_2025_to_2026,1.4881901280971466
2026-01-16,A_45_35_20,2020_2025_to_2026,1.4876055879563155
2026-01-19,A_45_35_20,2020_2025_to_2026,1.491119502424663
2026-01-20,A_45_35_20,2020_2025_to_2026,1.4828408377846425
2026-01-21,A_45_35_20,2020_2025_to_2026,1.4945927288283234
2026-01-22,A_45_35_20,2020_2025_to_2026,1.500014532036846
2026-01-23,A_45_35_20,2020_2025_to_2026,1.513284506688714
2026-01-26,A_45_35_20,2020_2025_to_2026,1.512183514796834
2026-01-27,A_45_35_20,2020_2025_to_2026,1.519781271279121
2026-01-28,A_45_35_20,2020_2025_to_2026,1.533525984085439
2026-01-29,A_45_35_20,2020_2025_to_2026,1.5296651006383382
2026-01-30,A_45_35_20,2020_2025_to_2026,1.5121999734288165
2026-02-02,A_45_35_20,2020_2025_to_2026,1.4793493074631097
2026-02-03,A_45_35_20,2020_2025_to_2026,1.5021043878081783
2026-02-04,A_45_35_20,2020_2025_to_2026,1.4947609600933855
2026-02-05,A_45_35_20,2020_2025_to_2026,1.4673768725237302
2026-02-06,A_45_35_20,2020_2025_to_2026,1.4647478950855946
2026-02-09,A_45_35_20,2020_2025_to_2026,1.489404645220216
2026-02-10,A_45_35_20,2020_2025_to_2026,1.4895502284112703
2026-02-11,A_45_35_20,2020_2025_to_2026,1.4920700854511744
2026-02-12,A_45_35_20,2020_2025_to_2026,1.5049998638075972
2026-02-13,A_45_35_20,2020_2025_to_2026,1.4877833812038312
2026-02-24,A_45_35_20,2020_2025_to_2026,1.5084817727799562
2026-02-25,A_45_35_20,2020_2025_to_2026,1.518822548072037
2026-02-26,A_45_35_20,2020_2025_to_2026,1.525414250059241
2026-02-27,A_45_35_20,2020_2025_to_2026,1.535335266615786
2026-03-02,A_45_35_20,2020_2025_to_2026,1.5492611856486564
2026-03-03,A_45_35_20,2020_2025_to_2026,1.5302427310990983
2026-03-04,A_45_35_20,2020_2025_to_2026,1.5214289193914168
2026-03-05,A_45_35_20,2020_2025_to_2026,1.5329878655030218
2026-03-06,A_45_35_20,2020_2025_to_2026,1.536319761284263
2026-03-09,A_45_35_20,2020_2025_to_2026,1.5314899783553106
2026-03-10,A_45_35_20,2020_2025_to_2026,1.5417181871551435
2026-03-11,A_45_35_20,2020_2025_to_2026,1.5497527489805754
2026-03-12,A_45_35_20,2020_2025_to_2026,1.5471365869606764
2026-03-13,A_45_35_20,2020_2025_to_2026,1.538874535816598
2026-03-16,A_45_35_20,2020_2025_to_2026,1.5331113736817406
2026-03-17,A_45_35_20,2020_2025_to_2026,1.5200121385683347
2026-03-18,A_45_35_20,2020_2025_to_2026,1.5312948699310658
2026-03-19,A_45_35_20,2020_2025_to_2026,1.5173817799209242
2026-03-20,A_45_35_20,2020_2025_to_2026,1.5193434787171722
2026-03-23,A_45_35_20,2020_2025_to_2026,1.4972410706885473
2026-03-24,A_45_35_20,2020_2025_to_2026,1.50765292110188
2026-03-25,A_45_35_20,2020_2025_to_2026,1.519169691165136
2026-03-26,A_45_35_20,2020_2025_to_2026,1.511672425170418
2026-03-27,A_45_35_20,2020_2025_to_2026,1.5154580352076188
2026-03-30,A_45_35_20,2020_2025_to_2026,1.5114737872496096
2026-03-31,A_45_35_20,2020_2025_to_2026,1.496960015063638
2026-04-01,A_45_35_20,2020_2025_to_2026,1.5092511821436987
2026-04-02,A_45_35_20,2020_2025_to_2026,1.5065908735443827
2026-04-03,A_45_35_20,2020_2025_to_2026,1.5050528649979136
2026-04-07,A_45_35_20,2020_2025_to_2026,1.50600641047929
2026-04-08,A_45_35_20,2020_2025_to_2026,1.5146300280039275
2026-04-09,A_45_35_20,2020_2025_to_2026,1.5130197540702766
2026-04-10,A_45_35_20,2020_2025_to_2026,1.519688742661974
2026-04-13,A_45_35_20,2020_2025_to_2026,1.5219402541283924
2026-04-14,A_45_35_20,2020_2025_to_2026,1.5269215101303506
2026-04-15,A_45_35_20,2020_2025_to_2026,1.5270347154563224
2026-04-16,A_45_35_20,2020_2025_to_2026,1.5329666884487054
2026-04-17,A_45_35_20,2020_2025_to_2026,1.5350275343495412
2026-04-20,A_45_35_20,2020_2025_to_2026,1.5354132489164813
2026-04-21,A_45_35_20,2020_2025_to_2026,1.5382002489397368
2026-04-22,A_45_35_20,2020_2025_to_2026,1.5410960519711836
2026-04-23,A_45_35_20,2020_2025_to_2026,1.5379967449651162
2026-04-24,A_45_35_20,2020_2025_to_2026,1.5363372245173204
2026-04-27,A_45_35_20,2020_2025_to_2026,1.5366512348536325
2026-04-28,A_45_35_20,2020_2025_to_2026,1.53433955042229
2026-04-29,A_45_35_20,2020_2025_to_2026,1.541269639400706
2026-04-30,A_45_35_20,2020_2025_to_2026,1.538867065826524
2026-05-06,A_45_35_20,2020_2025_to_2026,1.5394715826079945
2026-05-07,A_45_35_20,2020_2025_to_2026,1.5542489450894195
2026-05-08,A_45_35_20,2020_2025_to_2026,1.545489966984286
2026-05-11,A_45_35_20,2020_2025_to_2026,1.5762471129488707
2026-05-12,A_45_35_20,2020_2025_to_2026,1.5750009226458066
2026-05-13,A_45_35_20,2020_2025_to_2026,1.597861718163379
2026-05-14,A_45_35_20,2020_2025_to_2026,1.5735846675881988
2026-05-15,A_45_35_20,2020_2025_to_2026,1.5615543624595347
2026-05-18,A_45_35_20,2020_2025_to_2026,1.5686661776775401
2026-05-19,A_45_35_20,2020_2025_to_2026,1.5752278248287348
2026-05-20,A_45_35_20,2020_2025_to_2026,1.59470227119205
2026-05-21,A_45_35_20,2020_2025_to_2026,1.5644196534492714
2026-05-22,A_45_35_20,2020_2025_to_2026,1.59529157453822
2026-05-25,A_45_35_20,2020_2025_to_2026,1.6230357549930376
2026-05-26,A_45_35_20,2020_2025_to_2026,1.6231300936035626
2026-05-27,A_45_35_20,2020_2025_to_2026,1.6131089659700155
2026-05-28,A_45_35_20,2020_2025_to_2026,1.6300021699576432
2026-05-29,A_45_35_20,2020_2025_to_2026,1.5989053611992
2026-06-01,A_45_35_20,2020_2025_to_2026,1.5707796902435878
2026-06-02,A_45_35_20,2020_2025_to_2026,1.5915720787179992
2026-06-03,A_45_35_20,2020_2025_to_2026,1.6078208957951252
2026-06-04,A_45_35_20,2020_2025_to_2026,1.6111704300324636
2026-06-05,A_45_35_20,2020_2025_to_2026,1.5759509680439567
2023-01-03,B_40_40_20,2020_2022_to_2023,1.0
2023-01-04,B_40_40_20,2020_2022_to_2023,0.9996976713225022
2023-01-05,B_40_40_20,2020_2022_to_2023,0.9970643779725694
2023-01-06,B_40_40_20,2020_2022_to_2023,0.9946151922935289
2023-01-09,B_40_40_20,2020_2022_to_2023,0.9972089886263501
2023-01-10,B_40_40_20,2020_2022_to_2023,0.9975593992388633
2023-01-11,B_40_40_20,2020_2022_to_2023,0.9987438498091851
2023-01-12,B_40_40_20,2020_2022_to_2023,1.0002422210689053
2023-01-13,B_40_40_20,2020_2022_to_2023,1.001521243963809
2023-01-16,B_40_40_20,2020_2022_to_2023,1.0031034978148634
2023-01-17,B_40_40_20,2020_2022_to_2023,1.003384957462091
2023-01-18,B_40_40_20,2020_2022_to_2023,1.004971342903961
2023-01-19,B_40_40_20,2020_2022_to_2023,1.0059005041582267
2023-01-20,B_40_40_20,2020_2022_to_2023,1.0075356101296822
2023-01-30,B_40_40_20,2020_2022_to_2023,1.0082687430241752
2023-01-31,B_40_40_20,2020_2022_to_2023,1.0065392345562763
2023-02-01,B_40_40_20,2020_2022_to_2023,1.007674541457205
2023-02-02,B_40_40_20,2020_2022_to_2023,1.010366158412652
2023-02-03,B_40_40_20,2020_2022_to_2023,1.0043885860024722
2023-02-06,B_40_40_20,2020_2022_to_2023,0.9994025276496333
2023-02-07,B_40_40_20,2020_2022_to_2023,0.9962509245499426
2023-02-08,B_40_40_20,2020_2022_to_2023,0.9965922134777441
2023-02-09,B_40_40_20,2020_2022_to_2023,0.9971784389105864
2023-02-10,B_40_40_20,2020_2022_to_2023,0.9957697682495473
2023-02-13,B_40_40_20,2020_2022_to_2023,0.9968825742295917
2023-02-14,B_40_40_20,2020_2022_to_2023,0.995826654118545
2023-02-15,B_40_40_20,2020_2022_to_2023,0.9946379562148423
2023-02-16,B_40_40_20,2020_2022_to_2023,0.9922057361576474
2023-02-17,B_40_40_20,2020_2022_to_2023,0.9925799573627607
2023-02-20,B_40_40_20,2020_2022_to_2023,0.9943524598008142
2023-02-21,B_40_40_20,2020_2022_to_2023,0.995966202129448
2023-02-22,B_40_40_20,2020_2022_to_2023,0.9992640924554661
2023-02-23,B_40_40_20,2020_2022_to_2023,0.9967078943520808
2023-02-24,B_40_40_20,2020_2022_to_2023,0.9962850918324587
2023-02-27,B_40_40_20,2020_2022_to_2023,0.9935441853222654
2023-02-28,B_40_40_20,2020_2022_to_2023,0.9925872871325568
2023-03-01,B_40_40_20,2020_2022_to_2023,0.9924894929376604
2023-03-02,B_40_40_20,2020_2022_to_2023,0.9919873448208455
2023-03-03,B_40_40_20,2020_2022_to_2023,0.9944721600279808
2023-03-06,B_40_40_20,2020_2022_to_2023,0.9959942345621366
2023-03-07,B_40_40_20,2020_2022_to_2023,0.9930864685213527
2023-03-08,B_40_40_20,2020_2022_to_2023,0.9905603817799883
2023-03-09,B_40_40_20,2020_2022_to_2023,0.9906996408454275
2023-03-10,B_40_40_20,2020_2022_to_2023,0.9884004172297622
2023-03-13,B_40_40_20,2020_2022_to_2023,0.9909066734411175
2023-03-14,B_40_40_20,2020_2022_to_2023,0.9905983556738941
2023-03-15,B_40_40_20,2020_2022_to_2023,0.9881063311063712
2023-03-16,B_40_40_20,2020_2022_to_2023,0.9866177501231029
2023-03-17,B_40_40_20,2020_2022_to_2023,0.9875792854011034
2023-03-20,B_40_40_20,2020_2022_to_2023,0.9921040667873697
2023-03-21,B_40_40_20,2020_2022_to_2023,0.9936501664477196
2023-03-22,B_40_40_20,2020_2022_to_2023,0.9934690246484653
2023-03-23,B_40_40_20,2020_2022_to_2023,0.9974994942755206
2023-03-24,B_40_40_20,2020_2022_to_2023,0.994666773463958
2023-03-27,B_40_40_20,2020_2022_to_2023,0.9956159625744258
2023-03-28,B_40_40_20,2020_2022_to_2023,0.9957018203360564
2023-03-29,B_40_40_20,2020_2022_to_2023,0.9969085936680147
2023-03-30,B_40_40_20,2020_2022_to_2023,1.0004304363475816
2023-03-31,B_40_40_20,2020_2022_to_2023,1.0029744988853264
2023-04-03,B_40_40_20,2020_2022_to_2023,1.0015879413983348
2023-04-04,B_40_40_20,2020_2022_to_2023,1.0040202800629128
2023-04-06,B_40_40_20,2020_2022_to_2023,1.0021323907979371
2023-04-07,B_40_40_20,2020_2022_to_2023,1.0088516068515807
2023-04-10,B_40_40_20,2020_2022_to_2023,0.9934728512514669
2023-04-11,B_40_40_20,2020_2022_to_2023,0.9999192632447371
2023-04-12,B_40_40_20,2020_2022_to_2023,1.0107954574002769
2023-04-13,B_40_40_20,2020_2022_to_2023,1.0065180890472802
2023-04-14,B_40_40_20,2020_2022_to_2023,1.0075125769766384
2023-04-17,B_40_40_20,2020_2022_to_2023,0.9997512492818299
2023-04-18,B_40_40_20,2020_2022_to_2023,1.000106956361149
2023-04-19,B_40_40_20,2020_2022_to_2023,0.9999269893584962
2023-04-20,B_40_40_20,2020_2022_to_2023,1.009164193412738
2023-04-21,B_40_40_20,2020_2022_to_2023,0.9971251889930641
2023-04-24,B_40_40_20,2020_2022_to_2023,1.0015921868595878
2023-04-25,B_40_40_20,2020_2022_to_2023,1.0051794315861164
2023-04-26,B_40_40_20,2020_2022_to_2023,1.000393503450792
2023-04-27,B_40_40_20,2020_2022_to_2023,0.9936600340165747
2023-04-28,B_40_40_20,2020_2022_to_2023,1.0086586060364022
2023-05-04,B_40_40_20,2020_2022_to_2023,1.0151208581298377
2023-05-05,B_40_40_20,2020_2022_to_2023,1.0158185762491618
2023-05-08,B_40_40_20,2020_2022_to_2023,1.01841642791482
2023-05-09,B_40_40_20,2020_2022_to_2023,1.0134146528959773
2023-05-10,B_40_40_20,2020_2022_to_2023,1.0100254238929882
2023-05-11,B_40_40_20,2020_2022_to_2023,1.010457137894681
2023-05-12,B_40_40_20,2020_2022_to_2023,1.0067110688933896
2023-05-15,B_40_40_20,2020_2022_to_2023,1.0090832466988036
2023-05-16,B_40_40_20,2020_2022_to_2023,1.0059420861037374
2023-05-17,B_40_40_20,2020_2022_to_2023,1.003642937346469
2023-05-18,B_40_40_20,2020_2022_to_2023,1.0065375375141128
2023-05-19,B_40_40_20,2020_2022_to_2023,1.0039965065939116
2023-05-22,B_40_40_20,2020_2022_to_2023,1.0042451300106665
2023-05-23,B_40_40_20,2020_2022_to_2023,1.0011997404818158
2023-05-24,B_40_40_20,2020_2022_to_2023,0.9978567930783038
2023-05-25,B_40_40_20,2020_2022_to_2023,0.9948307828873548
2023-05-26,B_40_40_20,2020_2022_to_2023,0.9975497423731046
2023-05-29,B_40_40_20,2020_2022_to_2023,0.9970128746974042
2023-05-30,B_40_40_20,2020_2022_to_2023,1.000680579654727
2023-05-31,B_40_40_20,2020_2022_to_2023,0.9993916456169164
2023-06-01,B_40_40_20,2020_2022_to_2023,1.0019184772081673
2023-06-02,B_40_40_20,2020_2022_to_2023,1.0027032952261172
2023-06-05,B_40_40_20,2020_2022_to_2023,1.0029935382998865
2023-06-06,B_40_40_20,2020_2022_to_2023,1.0002742731847272
2023-06-07,B_40_40_20,2020_2022_to_2023,0.9994213291587897
2023-06-08,B_40_40_20,2020_2022_to_2023,0.9998031142268023
2023-06-09,B_40_40_20,2020_2022_to_2023,1.0034351341251402
2023-06-12,B_40_40_20,2020_2022_to_2023,1.0044582346512987
2023-06-13,B_40_40_20,2020_2022_to_2023,1.0067095415167326
2023-06-14,B_40_40_20,2020_2022_to_2023,1.007169498512626
2023-06-15,B_40_40_20,2020_2022_to_2023,1.0083535736305231
2023-06-16,B_40_40_20,2020_2022_to_2023,1.0107555533367332
2023-06-19,B_40_40_20,2020_2022_to_2023,1.0130129393144727
2023-06-20,B_40_40_20,2020_2022_to_2023,1.014354949859577
2023-06-21,B_40_40_20,2020_2022_to_2023,1.010930183459943
2023-06-26,B_40_40_20,2020_2022_to_2023,1.0087850536860326
2023-06-27,B_40_40_20,2020_2022_to_2023,1.0105303570347477
2023-06-28,B_40_40_20,2020_2022_to_2023,1.009115856129207
2023-06-29,B_40_40_20,2020_2022_to_2023,1.0098585778793236
2023-06-30,B_40_40_20,2020_2022_to_2023,1.012737692193961
2023-07-03,B_40_40_20,2020_2022_to_2023,1.0145933545673707
2023-07-04,B_40_40_20,2020_2022_to_2023,1.0156825214041556
2023-07-05,B_40_40_20,2020_2022_to_2023,1.0137956882364618
2023-07-06,B_40_40_20,2020_2022_to_2023,1.0123290447926412
2023-07-07,B_40_40_20,2020_2022_to_2023,1.0108709557704336
2023-07-10,B_40_40_20,2020_2022_to_2023,1.0103023950097587
2023-07-11,B_40_40_20,2020_2022_to_2023,1.0134116606940737
2023-07-12,B_40_40_20,2020_2022_to_2023,1.0130985314138166
2023-07-13,B_40_40_20,2020_2022_to_2023,1.0168935100782832
2023-07-14,B_40_40_20,2020_2022_to_2023,1.016778433996829
2023-07-17,B_40_40_20,2020_2022_to_2023,1.0168381178785306
2023-07-18,B_40_40_20,2020_2022_to_2023,1.0169151793062405
2023-07-19,B_40_40_20,2020_2022_to_2023,1.0183597992154199
2023-07-20,B_40_40_20,2020_2022_to_2023,1.015833680361579
2023-07-21,B_40_40_20,2020_2022_to_2023,1.0147057924632494
2023-07-24,B_40_40_20,2020_2022_to_2023,1.0141932700458351
2023-07-25,B_40_40_20,2020_2022_to_2023,1.0185561074354954
2023-07-26,B_40_40_20,2020_2022_to_2023,1.0169652049508067
2023-07-27,B_40_40_20,2020_2022_to_2023,1.0179577963526167
2023-07-28,B_40_40_20,2020_2022_to_2023,1.020177697660587
2023-07-31,B_40_40_20,2020_2022_to_2023,1.0211571604798242
2023-08-01,B_40_40_20,2020_2022_to_2023,1.020700516922962
2023-08-02,B_40_40_20,2020_2022_to_2023,1.0198014986628074
2023-08-03,B_40_40_20,2020_2022_to_2023,1.0198778490561906
2023-08-04,B_40_40_20,2020_2022_to_2023,1.020722242127341
2023-08-07,B_40_40_20,2020_2022_to_2023,1.0198450964424062
2023-08-08,B_40_40_20,2020_2022_to_2023,1.0190247402866097
2023-08-09,B_40_40_20,2020_2022_to_2023,1.0191783845299514
2023-08-10,B_40_40_20,2020_2022_to_2023,1.0201319419127317
2023-08-11,B_40_40_20,2020_2022_to_2023,1.0177633979326641
2023-08-14,B_40_40_20,2020_2022_to_2023,1.0171315727070807
2023-08-15,B_40_40_20,2020_2022_to_2023,1.017784562322662
2023-08-16,B_40_40_20,2020_2022_to_2023,1.0176711198056254
2023-08-17,B_40_40_20,2020_2022_to_2023,1.0177484883492225
2023-08-18,B_40_40_20,2020_2022_to_2023,1.0171340663498292
2023-08-21,B_40_40_20,2020_2022_to_2023,1.0165003280725295
2023-08-22,B_40_40_20,2020_2022_to_2023,1.0184187479507565
2023-08-23,B_40_40_20,2020_2022_to_2023,1.017394028938774
2023-08-24,B_40_40_20,2020_2022_to_2023,1.0182009052102516
2023-08-25,B_40_40_20,2020_2022_to_2023,1.0183102496132603
2023-08-28,B_40_40_20,2020_2022_to_2023,1.0204867627539238
2023-08-29,B_40_40_20,2020_2022_to_2023,1.0209090355844799
2023-08-30,B_40_40_20,2020_2022_to_2023,1.0205245408126353
2023-08-31,B_40_40_20,2020_2022_to_2023,1.0203400414220878
2023-09-01,B_40_40_20,2020_2022_to_2023,1.020652073629553
2023-09-04,B_40_40_20,2020_2022_to_2023,1.021504261357178
2023-09-05,B_40_40_20,2020_2022_to_2023,1.020238056131939
2023-09-06,B_40_40_20,2020_2022_to_2023,1.019668748087526
2023-09-07,B_40_40_20,2020_2022_to_2023,1.0189708836351472
2023-09-08,B_40_40_20,2020_2022_to_2023,1.0187451195682027
2023-09-11,B_40_40_20,2020_2022_to_2023,1.0198425238437747
2023-09-12,B_40_40_20,2020_2022_to_2023,1.0198654800610887
2023-09-13,B_40_40_20,2020_2022_to_2023,1.018472125147042
2023-09-14,B_40_40_20,2020_2022_to_2023,1.0199938522209906
2023-09-15,B_40_40_20,2020_2022_to_2023,1.0187384120062248
2023-09-18,B_40_40_20,2020_2022_to_2023,1.0179311179705695
2023-09-19,B_40_40_20,2020_2022_to_2023,1.0178573845944443
2023-09-20,B_40_40_20,2020_2022_to_2023,1.0177346803319325
2023-09-21,B_40_40_20,2020_2022_to_2023,1.0164226119764055
2023-09-22,B_40_40_20,2020_2022_to_2023,1.018018585829724
2023-09-25,B_40_40_20,2020_2022_to_2023,1.017974640252988
2023-09-26,B_40_40_20,2020_2022_to_2023,1.016884749682022
2023-09-27,B_40_40_20,2020_2022_to_2023,1.0136903190596813
2023-09-28,B_40_40_20,2020_2022_to_2023,1.009870287594037
2023-10-09,B_40_40_20,2020_2022_to_2023,1.0049010947829278
2023-10-10,B_40_40_20,2020_2022_to_2023,1.002773549607404
2023-10-11,B_40_40_20,2020_2022_to_2023,1.0033279535283741
2023-10-12,B_40_40_20,2020_2022_to_2023,1.0058056482378483
2023-10-13,B_40_40_20,2020_2022_to_2023,1.005105502439452
2023-10-16,B_40_40_20,2020_2022_to_2023,1.005021622531295
2023-10-17,B_40_40_20,2020_2022_to_2023,1.0057680202883639
2023-10-18,B_40_40_20,2020_2022_to_2023,1.0044212275550266
2023-10-19,B_40_40_20,2020_2022_to_2023,0.9998177054454993
2023-10-20,B_40_40_20,2020_2022_to_2023,0.9983324394877373
2023-10-23,B_40_40_20,2020_2022_to_2023,0.9957060326400725
2023-10-24,B_40_40_20,2020_2022_to_2023,0.9964393788681842
2023-10-25,B_40_40_20,2020_2022_to_2023,0.9964520681775715
2023-10-26,B_40_40_20,2020_2022_to_2023,0.9979479819200235
2023-10-27,B_40_40_20,2020_2022_to_2023,1.0008653688433504
2023-10-30,B_40_40_20,2020_2022_to_2023,1.0004460050789943
2023-10-31,B_40_40_20,2020_2022_to_2023,1.0002102311534626
2023-11-01,B_40_40_20,2020_2022_to_2023,0.9991058234491605
2023-11-02,B_40_40_20,2020_2022_to_2023,0.9986843872406863
2023-11-03,B_40_40_20,2020_2022_to_2023,1.0028780117804053
2023-11-06,B_40_40_20,2020_2022_to_2023,1.00773246415735
2023-11-07,B_40_40_20,2020_2022_to_2023,1.0078275897138047
2023-11-08,B_40_40_20,2020_2022_to_2023,1.007489643260873
2023-11-09,B_40_40_20,2020_2022_to_2023,1.0050483771370402
2023-11-10,B_40_40_20,2020_2022_to_2023,1.0051786679626402
2023-11-13,B_40_40_20,2020_2022_to_2023,1.0050996710716358
2023-11-14,B_40_40_20,2020_2022_to_2023,1.0070550466761874
2023-11-15,B_40_40_20,2020_2022_to_2023,1.0082838900820603
2023-11-16,B_40_40_20,2020_2022_to_2023,1.0054659570629725
2023-11-17,B_40_40_20,2020_2022_to_2023,1.0062692301758278
2023-11-20,B_40_40_20,2020_2022_to_2023,1.004534665360238
2023-11-21,B_40_40_20,2020_2022_to_2023,1.0026537793657444
2023-11-22,B_40_40_20,2020_2022_to_2023,1.0001576251092719
2023-11-23,B_40_40_20,2020_2022_to_2023,1.0015484494639044
2023-11-24,B_40_40_20,2020_2022_to_2023,0.9997292832433926
2023-11-27,B_40_40_20,2020_2022_to_2023,1.0016917338740612
2023-11-28,B_40_40_20,2020_2022_to_2023,1.0025272609999087
2023-11-29,B_40_40_20,2020_2022_to_2023,1.0030292938536076
2023-11-30,B_40_40_20,2020_2022_to_2023,1.0026912853253453
2023-12-01,B_40_40_20,2020_2022_to_2023,1.003275531251943
2023-12-04,B_40_40_20,2020_2022_to_2023,1.002988238360358
2023-12-05,B_40_40_20,2020_2022_to_2023,0.9965911495585741
2023-12-06,B_40_40_20,2020_2022_to_2023,0.9981306226023674
2023-12-07,B_40_40_20,2020_2022_to_2023,1.0003326283891358
2023-12-08,B_40_40_20,2020_2022_to_2023,1.0031823265668809
2023-12-11,B_40_40_20,2020_2022_to_2023,1.007349744089931
2023-12-12,B_40_40_20,2020_2022_to_2023,1.0080050161757956
2023-12-13,B_40_40_20,2020_2022_to_2023,1.0055181325701659
2023-12-14,B_40_40_20,2020_2022_to_2023,1.0045424600962132
2023-12-15,B_40_40_20,2020_2022_to_2023,1.004100376341718
2023-12-18,B_40_40_20,2020_2022_to_2023,1.00079123021625
2023-12-19,B_40_40_20,2020_2022_to_2023,1.0028269109289716
2023-12-20,B_40_40_20,2020_2022_to_2023,0.9976686773047613
2023-12-21,B_40_40_20,2020_2022_to_2023,1.000179862921689
2023-12-22,B_40_40_20,2020_2022_to_2023,0.993664572763012
2023-12-25,B_40_40_20,2020_2022_to_2023,0.9926697756276253
2023-12-26,B_40_40_20,2020_2022_to_2023,0.9892120151818271
2023-12-27,B_40_40_20,2020_2022_to_2023,0.9903543566181509
2023-12-28,B_40_40_20,2020_2022_to_2023,0.9945520555743422
2023-12-29,B_40_40_20,2020_2022_to_2023,0.9987556996674656
2024-01-02,B_40_40_20,2020_2023_to_2024,0.9987556996674656
2024-01-03,B_40_40_20,2020_2023_to_2024,0.9973418455028974
2024-01-04,B_40_40_20,2020_2023_to_2024,0.9969268114806905
2024-01-05,B_40_40_20,2020_2023_to_2024,0.9958429520419166
2024-01-08,B_40_40_20,2020_2023_to_2024,0.9941798338291737
2024-01-09,B_40_40_20,2020_2023_to_2024,0.9934645502893543
2024-01-10,B_40_40_20,2020_2023_to_2024,0.9931202552903697
2024-01-11,B_40_40_20,2020_2023_to_2024,0.9928393873450585
2024-01-12,B_40_40_20,2020_2023_to_2024,0.9928541119129666
2024-01-15,B_40_40_20,2020_2023_to_2024,0.9938057237447956
2024-01-16,B_40_40_20,2020_2023_to_2024,0.9933626381242932
2024-01-17,B_40_40_20,2020_2023_to_2024,0.991446836993992
2024-01-18,B_40_40_20,2020_2023_to_2024,0.9891728982436039
2024-01-19,B_40_40_20,2020_2023_to_2024,0.991202983835931
2024-01-22,B_40_40_20,2020_2023_to_2024,0.9912086174089672
2024-01-23,B_40_40_20,2020_2023_to_2024,0.9913446918326823
2024-01-24,B_40_40_20,2020_2023_to_2024,0.9921747408268393
2024-01-25,B_40_40_20,2020_2023_to_2024,0.9914961019874661
2024-01-26,B_40_40_20,2020_2023_to_2024,0.9924241204237902
2024-01-29,B_40_40_20,2020_2023_to_2024,0.9908424632777139
2024-01-30,B_40_40_20,2020_2023_to_2024,0.9909517663997803
2024-01-31,B_40_40_20,2020_2023_to_2024,0.9918753019402268
2024-02-01,B_40_40_20,2020_2023_to_2024,0.9921520383587397
2024-02-02,B_40_40_20,2020_2023_to_2024,0.9928433958146449
2024-02-05,B_40_40_20,2020_2023_to_2024,0.993205528973371
2024-02-06,B_40_40_20,2020_2023_to_2024,0.9942718933657515
2024-02-07,B_40_40_20,2020_2023_to_2024,0.9954520822568541
2024-02-08,B_40_40_20,2020_2023_to_2024,0.9957101646761569
2024-02-19,B_40_40_20,2020_2023_to_2024,0.9981984816811981
2024-02-20,B_40_40_20,2020_2023_to_2024,0.9985028635262359
2024-02-21,B_40_40_20,2020_2023_to_2024,0.9998657696528203
2024-02-22,B_40_40_20,2020_2023_to_2024,1.0022379965465962
2024-02-23,B_40_40_20,2020_2023_to_2024,1.002396049089009
2024-02-26,B_40_40_20,2020_2023_to_2024,1.0005377972982699
2024-02-27,B_40_40_20,2020_2023_to_2024,1.0014698256767558
2024-02-28,B_40_40_20,2020_2023_to_2024,1.0008418374771675
2024-02-29,B_40_40_20,2020_2023_to_2024,1.0022041008373865
2024-03-01,B_40_40_20,2020_2023_to_2024,1.0032972678634453
2024-03-04,B_40_40_20,2020_2023_to_2024,1.0044268729862906
2024-03-05,B_40_40_20,2020_2023_to_2024,1.006713443103007
2024-03-06,B_40_40_20,2020_2023_to_2024,1.0062606789852233
2024-03-07,B_40_40_20,2020_2023_to_2024,1.0070484055178033
2024-03-08,B_40_40_20,2020_2023_to_2024,1.008407233039014
2024-03-11,B_40_40_20,2020_2023_to_2024,1.007715092092602
2024-03-12,B_40_40_20,2020_2023_to_2024,1.006414798648775
2024-03-13,B_40_40_20,2020_2023_to_2024,1.0048766709562988
2024-03-14,B_40_40_20,2020_2023_to_2024,1.0046248955981567
2024-03-15,B_40_40_20,2020_2023_to_2024,1.005087790749763
2024-03-18,B_40_40_20,2020_2023_to_2024,1.0061946340878287
2024-03-19,B_40_40_20,2020_2023_to_2024,1.0057314321090054
2024-03-20,B_40_40_20,2020_2023_to_2024,1.0065443244865584
2024-03-21,B_40_40_20,2020_2023_to_2024,1.0087370984779327
2024-03-22,B_40_40_20,2020_2023_to_2024,1.0076676160369356
2024-03-25,B_40_40_20,2020_2023_to_2024,1.0070299477647189
2024-03-26,B_40_40_20,2020_2023_to_2024,1.008286471893328
2024-03-27,B_40_40_20,2020_2023_to_2024,1.0083868864263614
2024-03-28,B_40_40_20,2020_2023_to_2024,1.0085549282693154
2024-03-29,B_40_40_20,2020_2023_to_2024,1.010939493151916
2024-04-01,B_40_40_20,2020_2023_to_2024,1.012716001656831
2024-04-02,B_40_40_20,2020_2023_to_2024,1.0130490614061654
2024-04-03,B_40_40_20,2020_2023_to_2024,1.0151924066993663
2024-04-08,B_40_40_20,2020_2023_to_2024,1.0183176246895609
2024-04-09,B_40_40_20,2020_2023_to_2024,1.0187530606816992
2024-04-10,B_40_40_20,2020_2023_to_2024,1.0194084541737682
2024-04-11,B_40_40_20,2020_2023_to_2024,1.0190407184131849
2024-04-12,B_40_40_20,2020_2023_to_2024,1.0204934354478237
2024-04-15,B_40_40_20,2020_2023_to_2024,1.0206578489437927
2024-04-16,B_40_40_20,2020_2023_to_2024,1.018513133890037
2024-04-17,B_40_40_20,2020_2023_to_2024,1.019131721546282
2024-04-18,B_40_40_20,2020_2023_to_2024,1.0195161479597088
2024-04-19,B_40_40_20,2020_2023_to_2024,1.0192164278734523
2024-04-22,B_40_40_20,2020_2023_to_2024,1.0184815432708776
2024-04-23,B_40_40_20,2020_2023_to_2024,1.0153816138063587
2024-04-24,B_40_40_20,2020_2023_to_2024,1.0175027890335386
2024-04-25,B_40_40_20,2020_2023_to_2024,1.0170000335108167
2024-04-26,B_40_40_20,2020_2023_to_2024,1.0203765227331838
2024-04-29,B_40_40_20,2020_2023_to_2024,1.0197717483646551
2024-04-30,B_40_40_20,2020_2023_to_2024,1.0192191225065397
2024-05-06,B_40_40_20,2020_2023_to_2024,1.0217507600108613
2024-05-07,B_40_40_20,2020_2023_to_2024,1.0232600452839475
2024-05-08,B_40_40_20,2020_2023_to_2024,1.021051458825233
2024-05-09,B_40_40_20,2020_2023_to_2024,1.0241390230214253
2024-05-10,B_40_40_20,2020_2023_to_2024,1.0332571304121092
2024-05-13,B_40_40_20,2020_2023_to_2024,1.0353581449759688
2024-05-14,B_40_40_20,2020_2023_to_2024,1.0339047151212717
2024-05-15,B_40_40_20,2020_2023_to_2024,1.0348163306370646
2024-05-16,B_40_40_20,2020_2023_to_2024,1.0411796063899523
2024-05-17,B_40_40_20,2020_2023_to_2024,1.045082234837206
2024-05-20,B_40_40_20,2020_2023_to_2024,1.0496743591717785
2024-05-21,B_40_40_20,2020_2023_to_2024,1.047065496142135
2024-05-22,B_40_40_20,2020_2023_to_2024,1.0462921795756834
2024-05-23,B_40_40_20,2020_2023_to_2024,1.039671825058843
2024-05-24,B_40_40_20,2020_2023_to_2024,1.0364944206894253
2024-05-27,B_40_40_20,2020_2023_to_2024,1.0402381246729342
2024-05-28,B_40_40_20,2020_2023_to_2024,1.0406767533197596
2024-05-29,B_40_40_20,2020_2023_to_2024,1.037407182640885
2024-05-30,B_40_40_20,2020_2023_to_2024,1.0334971970433926
2024-05-31,B_40_40_20,2020_2023_to_2024,1.0311718934235798
2024-06-03,B_40_40_20,2020_2023_to_2024,1.0310000774949248
2024-06-04,B_40_40_20,2020_2023_to_2024,1.0313532792423439
2024-06-05,B_40_40_20,2020_2023_to_2024,1.0308145204738113
2024-06-06,B_40_40_20,2020_2023_to_2024,1.033300623706612
2024-06-07,B_40_40_20,2020_2023_to_2024,1.0356397265573705
2024-06-11,B_40_40_20,2020_2023_to_2024,1.0298081344947467
2024-06-12,B_40_40_20,2020_2023_to_2024,1.032274514322445
2024-06-13,B_40_40_20,2020_2023_to_2024,1.031787664519324
2024-06-14,B_40_40_20,2020_2023_to_2024,1.0326342816226595
2024-06-17,B_40_40_20,2020_2023_to_2024,1.0307211046938518
2024-06-18,B_40_40_20,2020_2023_to_2024,1.0314052908129883
2024-06-19,B_40_40_20,2020_2023_to_2024,1.0336705011239309
2024-06-20,B_40_40_20,2020_2023_to_2024,1.0344242102373893
2024-06-21,B_40_40_20,2020_2023_to_2024,1.033155381765284
2024-06-24,B_40_40_20,2020_2023_to_2024,1.0291278702230664
2024-06-25,B_40_40_20,2020_2023_to_2024,1.0308059042635898
2024-06-26,B_40_40_20,2020_2023_to_2024,1.030854127999751
2024-06-27,B_40_40_20,2020_2023_to_2024,1.0312116488710499
2024-06-28,B_40_40_20,2020_2023_to_2024,1.0339349423375992
2024-06-30,B_40_40_20,2020_2023_to_2024,1.0339363948906861
2024-07-01,B_40_40_20,2020_2023_to_2024,1.0331382660988124
2024-07-02,B_40_40_20,2020_2023_to_2024,1.0337977901399427
2024-07-03,B_40_40_20,2020_2023_to_2024,1.0364784130114992
2024-07-04,B_40_40_20,2020_2023_to_2024,1.0370079588257128
2024-07-05,B_40_40_20,2020_2023_to_2024,1.0372453675393007
2024-07-08,B_40_40_20,2020_2023_to_2024,1.0379865986840675
2024-07-09,B_40_40_20,2020_2023_to_2024,1.0351086389773545
2024-07-10,B_40_40_20,2020_2023_to_2024,1.0357308107314447
2024-07-11,B_40_40_20,2020_2023_to_2024,1.0358303606723434
2024-07-12,B_40_40_20,2020_2023_to_2024,1.0352709292646185
2024-07-15,B_40_40_20,2020_2023_to_2024,1.034014613212216
2024-07-16,B_40_40_20,2020_2023_to_2024,1.035898297275119
2024-07-17,B_40_40_20,2020_2023_to_2024,1.0387987682564794
2024-07-18,B_40_40_20,2020_2023_to_2024,1.037771952250674
2024-07-19,B_40_40_20,2020_2023_to_2024,1.031266082220274
2024-07-22,B_40_40_20,2020_2023_to_2024,1.0318871363336573
2024-07-23,B_40_40_20,2020_2023_to_2024,1.03002643886695
2024-07-24,B_40_40_20,2020_2023_to_2024,1.0320204764523881
2024-07-25,B_40_40_20,2020_2023_to_2024,1.025252199828388
2024-07-26,B_40_40_20,2020_2023_to_2024,1.0272511897938885
2024-07-29,B_40_40_20,2020_2023_to_2024,1.0271710094090067
2024-07-30,B_40_40_20,2020_2023_to_2024,1.026110188892184
2024-07-31,B_40_40_20,2020_2023_to_2024,1.0279833628890833
2024-08-01,B_40_40_20,2020_2023_to_2024,1.0307462731895647
2024-08-02,B_40_40_20,2020_2023_to_2024,1.0262159733534335
2024-08-05,B_40_40_20,2020_2023_to_2024,1.0183270475709043
2024-08-06,B_40_40_20,2020_2023_to_2024,1.0200892122159706
2024-08-07,B_40_40_20,2020_2023_to_2024,1.0195454131462864
2024-08-08,B_40_40_20,2020_2023_to_2024,1.0209123938183593
2024-08-09,B_40_40_20,2020_2023_to_2024,1.021014542343686
2024-08-12,B_40_40_20,2020_2023_to_2024,1.0210449584749195
2024-08-13,B_40_40_20,2020_2023_to_2024,1.0240610229401979
2024-08-14,B_40_40_20,2020_2023_to_2024,1.0227763334387758
2024-08-15,B_40_40_20,2020_2023_to_2024,1.0254582392698635
2024-08-16,B_40_40_20,2020_2023_to_2024,1.0258765855241396
2024-08-19,B_40_40_20,2020_2023_to_2024,1.0275389396163352
2024-08-20,B_40_40_20,2020_2023_to_2024,1.026317304251012
2024-08-21,B_40_40_20,2020_2023_to_2024,1.0261311734802385
2024-08-22,B_40_40_20,2020_2023_to_2024,1.0235606821778729
2024-08-23,B_40_40_20,2020_2023_to_2024,1.0250640036072
2024-08-26,B_40_40_20,2020_2023_to_2024,1.0251889125924036
2024-08-27,B_40_40_20,2020_2023_to_2024,1.0239034942396616
2024-08-28,B_40_40_20,2020_2023_to_2024,1.023640113384962
2024-08-29,B_40_40_20,2020_2023_to_2024,1.0239029658966072
2024-08-30,B_40_40_20,2020_2023_to_2024,1.0273862766138477
2024-09-02,B_40_40_20,2020_2023_to_2024,1.0228683326607764
2024-09-03,B_40_40_20,2020_2023_to_2024,1.0217098841781531
2024-09-04,B_40_40_20,2020_2023_to_2024,1.0194148570574662
2024-09-05,B_40_40_20,2020_2023_to_2024,1.019428234045658
2024-09-06,B_40_40_20,2020_2023_to_2024,1.0188948951227172
2024-09-09,B_40_40_20,2020_2023_to_2024,1.0171122756172941
2024-09-10,B_40_40_20,2020_2023_to_2024,1.0179338464524315
2024-09-11,B_40_40_20,2020_2023_to_2024,1.017419296402671
2024-09-12,B_40_40_20,2020_2023_to_2024,1.0191349438605002
2024-09-13,B_40_40_20,2020_2023_to_2024,1.0215241118103189
2024-09-18,B_40_40_20,2020_2023_to_2024,1.0239825349257041
2024-09-19,B_40_40_20,2020_2023_to_2024,1.0278591431133515
2024-09-20,B_40_40_20,2020_2023_to_2024,1.0293624534030867
2024-09-23,B_40_40_20,2020_2023_to_2024,1.0300355572071132
2024-09-24,B_40_40_20,2020_2023_to_2024,1.037318267915532
2024-09-25,B_40_40_20,2020_2023_to_2024,1.0392640661851407
2024-09-26,B_40_40_20,2020_2023_to_2024,1.0478364978803583
2024-09-27,B_40_40_20,2020_2023_to_2024,1.0524260489365838
2024-09-30,B_40_40_20,2020_2023_to_2024,1.0568298226576478
2024-10-08,B_40_40_20,2020_2023_to_2024,1.0574700944068611
2024-10-09,B_40_40_20,2020_2023_to_2024,1.0308833055641995
2024-10-10,B_40_40_20,2020_2023_to_2024,1.035000485728171
2024-10-11,B_40_40_20,2020_2023_to_2024,1.0292753366305354
2024-10-14,B_40_40_20,2020_2023_to_2024,1.0361763705927036
2024-10-15,B_40_40_20,2020_2023_to_2024,1.0239793440600669
2024-10-16,B_40_40_20,2020_2023_to_2024,1.0254552447469394
2024-10-17,B_40_40_20,2020_2023_to_2024,1.0223981510541313
2024-10-18,B_40_40_20,2020_2023_to_2024,1.0412331541049047
2024-10-21,B_40_40_20,2020_2023_to_2024,1.0420018390520633
2024-10-22,B_40_40_20,2020_2023_to_2024,1.0456608182090696
2024-10-23,B_40_40_20,2020_2023_to_2024,1.0472996893728679
2024-10-24,B_40_40_20,2020_2023_to_2024,1.0419435935894574
2024-10-25,B_40_40_20,2020_2023_to_2024,1.0437020037156137
2024-10-28,B_40_40_20,2020_2023_to_2024,1.0471810873628504
2024-10-29,B_40_40_20,2020_2023_to_2024,1.0476460787561497
2024-10-30,B_40_40_20,2020_2023_to_2024,1.0464782358545373
2024-10-31,B_40_40_20,2020_2023_to_2024,1.04470178036309
2024-11-01,B_40_40_20,2020_2023_to_2024,1.0387845474587554
2024-11-04,B_40_40_20,2020_2023_to_2024,1.040133288402888
2024-11-05,B_40_40_20,2020_2023_to_2024,1.0501492262142589
2024-11-06,B_40_40_20,2020_2023_to_2024,1.0527409643492411
2024-11-07,B_40_40_20,2020_2023_to_2024,1.0559845193110153
2024-11-08,B_40_40_20,2020_2023_to_2024,1.0560983746286439
2024-11-11,B_40_40_20,2020_2023_to_2024,1.0628553744738318
2024-11-12,B_40_40_20,2020_2023_to_2024,1.0535870455572816
2024-11-13,B_40_40_20,2020_2023_to_2024,1.0544892043216882
2024-11-14,B_40_40_20,2020_2023_to_2024,1.0411016089621754
2024-11-15,B_40_40_20,2020_2023_to_2024,1.0341628941951475
2024-11-18,B_40_40_20,2020_2023_to_2024,1.03468884454647
2024-11-19,B_40_40_20,2020_2023_to_2024,1.0432412711469974
2024-11-20,B_40_40_20,2020_2023_to_2024,1.043990797314813
2024-11-21,B_40_40_20,2020_2023_to_2024,1.0482579302722885
2024-11-22,B_40_40_20,2020_2023_to_2024,1.043665169017098
2024-11-25,B_40_40_20,2020_2023_to_2024,1.0379358239821432
2024-11-26,B_40_40_20,2020_2023_to_2024,1.033422093697618
2024-11-27,B_40_40_20,2020_2023_to_2024,1.0426791757565108
2024-11-28,B_40_40_20,2020_2023_to_2024,1.0392436999615815
2024-11-29,B_40_40_20,2020_2023_to_2024,1.0450679732905315
2024-12-02,B_40_40_20,2020_2023_to_2024,1.047048428639901
2024-12-03,B_40_40_20,2020_2023_to_2024,1.049713765418996
2024-12-04,B_40_40_20,2020_2023_to_2024,1.050792791237871
2024-12-05,B_40_40_20,2020_2023_to_2024,1.0510583993685312
2024-12-06,B_40_40_20,2020_2023_to_2024,1.052490890443921
2024-12-09,B_40_40_20,2020_2023_to_2024,1.0521343818119988
2024-12-10,B_40_40_20,2020_2023_to_2024,1.054281584526943
2024-12-11,B_40_40_20,2020_2023_to_2024,1.0561868520090376
2024-12-12,B_40_40_20,2020_2023_to_2024,1.058842033704732
2024-12-13,B_40_40_20,2020_2023_to_2024,1.0544033137846438
2024-12-16,B_40_40_20,2020_2023_to_2024,1.055167986882719
2024-12-17,B_40_40_20,2020_2023_to_2024,1.0543205479559727
2024-12-18,B_40_40_20,2020_2023_to_2024,1.0508617317630038
2024-12-19,B_40_40_20,2020_2023_to_2024,1.0499238082314089
2024-12-20,B_40_40_20,2020_2023_to_2024,1.050642579108869
2024-12-23,B_40_40_20,2020_2023_to_2024,1.0546786955072132
2024-12-24,B_40_40_20,2020_2023_to_2024,1.0574303383943677
2024-12-25,B_40_40_20,2020_2023_to_2024,1.0588954313165004
2024-12-26,B_40_40_20,2020_2023_to_2024,1.059884242620187
2024-12-27,B_40_40_20,2020_2023_to_2024,1.0579569048356205
2024-12-30,B_40_40_20,2020_2023_to_2024,1.0564290838198778
2024-12-31,B_40_40_20,2020_2023_to_2024,1.0527254012020626
2025-01-02,B_40_40_20,2020_2024_to_2025,1.0527254012020626
2025-01-03,B_40_40_20,2020_2024_to_2025,1.0513213487834718
2025-01-06,B_40_40_20,2020_2024_to_2025,1.0507962230956498
2025-01-07,B_40_40_20,2020_2024_to_2025,1.0531926686594164
2025-01-08,B_40_40_20,2020_2024_to_2025,1.0526746867209689
2025-01-09,B_40_40_20,2020_2024_to_2025,1.0521222657173808
2025-01-10,B_40_40_20,2020_2024_to_2025,1.0487307090733917
2025-01-13,B_40_40_20,2020_2024_to_2025,1.047374658572005
2025-01-14,B_40_40_20,2020_2024_to_2025,1.0537682738048786
2025-01-15,B_40_40_20,2020_2024_to_2025,1.0538203370907613
2025-01-16,B_40_40_20,2020_2024_to_2025,1.0561459213860402
2025-01-17,B_40_40_20,2020_2024_to_2025,1.0568134847663895
2025-01-20,B_40_40_20,2020_2024_to_2025,1.0584392222644774
2025-01-21,B_40_40_20,2020_2024_to_2025,1.060643866228833
2025-01-22,B_40_40_20,2020_2024_to_2025,1.059070439911613
2025-01-23,B_40_40_20,2020_2024_to_2025,1.0596303450818056
2025-01-24,B_40_40_20,2020_2024_to_2025,1.0635663557001562
2025-01-27,B_40_40_20,2020_2024_to_2025,1.06296811011094
2025-02-05,B_40_40_20,2020_2024_to_2025,1.0632395504088992
2025-02-06,B_40_40_20,2020_2024_to_2025,1.066955840076688
2025-02-07,B_40_40_20,2020_2024_to_2025,1.068380732809517
2025-02-10,B_40_40_20,2020_2024_to_2025,1.072439118279723
2025-02-11,B_40_40_20,2020_2024_to_2025,1.0718380762828408
2025-02-12,B_40_40_20,2020_2024_to_2025,1.075687886408578
2025-02-13,B_40_40_20,2020_2024_to_2025,1.075713894479008
2025-02-14,B_40_40_20,2020_2024_to_2025,1.081887011567324
2025-02-17,B_40_40_20,2020_2024_to_2025,1.0806451842603846
2025-02-18,B_40_40_20,2020_2024_to_2025,1.0839771608705735
2025-02-19,B_40_40_20,2020_2024_to_2025,1.0849797966171102
2025-02-20,B_40_40_20,2020_2024_to_2025,1.0824463072769155
2025-02-21,B_40_40_20,2020_2024_to_2025,1.0872539147381473
2025-02-24,B_40_40_20,2020_2024_to_2025,1.0856445611213306
2025-02-25,B_40_40_20,2020_2024_to_2025,1.0830742081841518
2025-02-26,B_40_40_20,2020_2024_to_2025,1.0878932654128946
2025-02-27,B_40_40_20,2020_2024_to_2025,1.086465867203071
2025-02-28,B_40_40_20,2020_2024_to_2025,1.0798824048279434
2025-03-03,B_40_40_20,2020_2024_to_2025,1.0810231025194448
2025-03-04,B_40_40_20,2020_2024_to_2025,1.078523660001361
2025-03-05,B_40_40_20,2020_2024_to_2025,1.090143690132596
2025-03-06,B_40_40_20,2020_2024_to_2025,1.1110020055748386
2025-03-07,B_40_40_20,2020_2024_to_2025,1.1050495938791027
2025-03-10,B_40_40_20,2020_2024_to_2025,1.0962204614877438
2025-03-11,B_40_40_20,2020_2024_to_2025,1.0992319740517402
2025-03-12,B_40_40_20,2020_2024_to_2025,1.0951644547931056
2025-03-13,B_40_40_20,2020_2024_to_2025,1.0878834990393225
2025-03-14,B_40_40_20,2020_2024_to_2025,1.104616183638739
2025-03-17,B_40_40_20,2020_2024_to_2025,1.1043923941487954
2025-03-18,B_40_40_20,2020_2024_to_2025,1.1161476378392916
2025-03-19,B_40_40_20,2020_2024_to_2025,1.1139023885005193
2025-03-20,B_40_40_20,2020_2024_to_2025,1.10453063281751
2025-03-21,B_40_40_20,2020_2024_to_2025,1.0863574195079975
2025-03-24,B_40_40_20,2020_2024_to_2025,1.0893359148566994
2025-03-25,B_40_40_20,2020_2024_to_2025,1.0755257069693467
2025-03-26,B_40_40_20,2020_2024_to_2025,1.0789542654435254
2025-03-27,B_40_40_20,2020_2024_to_2025,1.0841317009513753
2025-03-28,B_40_40_20,2020_2024_to_2025,1.07933031879606
2025-03-31,B_40_40_20,2020_2024_to_2025,1.071079222914845
2025-04-01,B_40_40_20,2020_2024_to_2025,1.0699216155928122
2025-04-02,B_40_40_20,2020_2024_to_2025,1.0704615138848792
2025-04-03,B_40_40_20,2020_2024_to_2025,1.0695122825668504
2025-04-07,B_40_40_20,2020_2024_to_2025,1.0441565380370892
2025-04-08,B_40_40_20,2020_2024_to_2025,1.0478913252419773
2025-04-09,B_40_40_20,2020_2024_to_2025,1.0488038324356024
2025-04-10,B_40_40_20,2020_2024_to_2025,1.0544253506750614
2025-04-11,B_40_40_20,2020_2024_to_2025,1.0596712313422831
2025-04-14,B_40_40_20,2020_2024_to_2025,1.0647615109918862
2025-04-15,B_40_40_20,2020_2024_to_2025,1.065548172406009
2025-04-16,B_40_40_20,2020_2024_to_2025,1.065644416018072
2025-04-17,B_40_40_20,2020_2024_to_2025,1.0672977170217806
2025-04-18,B_40_40_20,2020_2024_to_2025,1.0680850001204345
2025-04-21,B_40_40_20,2020_2024_to_2025,1.0692675327841639
2025-04-22,B_40_40_20,2020_2024_to_2025,1.0762951494388338
2025-04-23,B_40_40_20,2020_2024_to_2025,1.0731570479324708
2025-04-24,B_40_40_20,2020_2024_to_2025,1.0756684117687667
2025-04-25,B_40_40_20,2020_2024_to_2025,1.074274573308962
2025-04-28,B_40_40_20,2020_2024_to_2025,1.072986062047278
2025-04-29,B_40_40_20,2020_2024_to_2025,1.0736791365094887
2025-04-30,B_40_40_20,2020_2024_to_2025,1.0721186576349024
2025-05-06,B_40_40_20,2020_2024_to_2025,1.0742020208343177
2025-05-07,B_40_40_20,2020_2024_to_2025,1.076455254115065
2025-05-08,B_40_40_20,2020_2024_to_2025,1.0761044100431059
2025-05-09,B_40_40_20,2020_2024_to_2025,1.075441735602372
2025-05-12,B_40_40_20,2020_2024_to_2025,1.0736856440051499
2025-05-13,B_40_40_20,2020_2024_to_2025,1.0757985654998552
2025-05-14,B_40_40_20,2020_2024_to_2025,1.0768347481394214
2025-05-15,B_40_40_20,2020_2024_to_2025,1.072999136650487
2025-05-16,B_40_40_20,2020_2024_to_2025,1.073218034842571
2025-05-19,B_40_40_20,2020_2024_to_2025,1.0738164055064874
2025-05-20,B_40_40_20,2020_2024_to_2025,1.0742906498121327
2025-05-21,B_40_40_20,2020_2024_to_2025,1.0762556520498232
2025-05-22,B_40_40_20,2020_2024_to_2025,1.0772105144911746
2025-05-23,B_40_40_20,2020_2024_to_2025,1.074660005000163
2025-05-26,B_40_40_20,2020_2024_to_2025,1.0747834750319596
2025-05-27,B_40_40_20,2020_2024_to_2025,1.074315329224254
2025-05-28,B_40_40_20,2020_2024_to_2025,1.07335062743902
2025-05-29,B_40_40_20,2020_2024_to_2025,1.0739519564308722
2025-05-30,B_40_40_20,2020_2024_to_2025,1.074269868318173
2025-06-03,B_40_40_20,2020_2024_to_2025,1.077510540774684
2025-06-04,B_40_40_20,2020_2024_to_2025,1.0793276780554901
2025-06-05,B_40_40_20,2020_2024_to_2025,1.0793640612137216
2025-06-06,B_40_40_20,2020_2024_to_2025,1.0793003240417525
2025-06-09,B_40_40_20,2020_2024_to_2025,1.0825546150013359
2025-06-10,B_40_40_20,2020_2024_to_2025,1.0833472807920814
2025-06-11,B_40_40_20,2020_2024_to_2025,1.084914314438113
2025-06-12,B_40_40_20,2020_2024_to_2025,1.086649664741013
2025-06-13,B_40_40_20,2020_2024_to_2025,1.0846639604371187
2025-06-16,B_40_40_20,2020_2024_to_2025,1.0870895654941082
2025-06-17,B_40_40_20,2020_2024_to_2025,1.084405593604352
2025-06-18,B_40_40_20,2020_2024_to_2025,1.0838545766258216
2025-06-19,B_40_40_20,2020_2024_to_2025,1.0798699235215248
2025-06-20,B_40_40_20,2020_2024_to_2025,1.0809661334358949
2025-06-23,B_40_40_20,2020_2024_to_2025,1.084022673534796
2025-06-24,B_40_40_20,2020_2024_to_2025,1.0878212023828915
2025-06-25,B_40_40_20,2020_2024_to_2025,1.0921633387133924
2025-06-26,B_40_40_20,2020_2024_to_2025,1.0910294510054819
2025-06-27,B_40_40_20,2020_2024_to_2025,1.0903392539665215
2025-06-30,B_40_40_20,2020_2024_to_2025,1.0911898357591472
2025-07-01,B_40_40_20,2020_2024_to_2025,1.0908204261745422
2025-07-02,B_40_40_20,2020_2024_to_2025,1.0847674395145679
2025-07-03,B_40_40_20,2020_2024_to_2025,1.0891915539918904
2025-07-04,B_40_40_20,2020_2024_to_2025,1.0869499554961568
2025-07-07,B_40_40_20,2020_2024_to_2025,1.0863622134744584
2025-07-08,B_40_40_20,2020_2024_to_2025,1.0976936678146163
2025-07-09,B_40_40_20,2020_2024_to_2025,1.093882058228922
2025-07-10,B_40_40_20,2020_2024_to_2025,1.0949802460121127
2025-07-11,B_40_40_20,2020_2024_to_2025,1.10365920951411
2025-07-14,B_40_40_20,2020_2024_to_2025,1.101466869326701
2025-07-15,B_40_40_20,2020_2024_to_2025,1.1072935516779243
2025-07-16,B_40_40_20,2020_2024_to_2025,1.107738411234929
2025-07-17,B_40_40_20,2020_2024_to_2025,1.115417234244216
2025-07-18,B_40_40_20,2020_2024_to_2025,1.1188774801319517
2025-07-21,B_40_40_20,2020_2024_to_2025,1.1228115029120438
2025-07-22,B_40_40_20,2020_2024_to_2025,1.1249686621353616
2025-07-23,B_40_40_20,2020_2024_to_2025,1.1255364023710417
2025-07-24,B_40_40_20,2020_2024_to_2025,1.136923520061899
2025-07-25,B_40_40_20,2020_2024_to_2025,1.1418751357022552
2025-07-28,B_40_40_20,2020_2024_to_2025,1.1451203059266162
2025-07-29,B_40_40_20,2020_2024_to_2025,1.1527779762962507
2025-07-30,B_40_40_20,2020_2024_to_2025,1.146002697420266
2025-07-31,B_40_40_20,2020_2024_to_2025,1.1393670278167667
2025-08-01,B_40_40_20,2020_2024_to_2025,1.1340852518627935
2025-08-04,B_40_40_20,2020_2024_to_2025,1.1415058197411028
2025-08-05,B_40_40_20,2020_2024_to_2025,1.1542023509223562
2025-08-06,B_40_40_20,2020_2024_to_2025,1.1591865147116973
2025-08-07,B_40_40_20,2020_2024_to_2025,1.1516182129373809
2025-08-08,B_40_40_20,2020_2024_to_2025,1.1395917166892682
2025-08-11,B_40_40_20,2020_2024_to_2025,1.1512199410890103
2025-08-12,B_40_40_20,2020_2024_to_2025,1.1623336050928812
2025-08-13,B_40_40_20,2020_2024_to_2025,1.1928309380080278
2025-08-14,B_40_40_20,2020_2024_to_2025,1.193353435762938
2025-08-15,B_40_40_20,2020_2024_to_2025,1.212687412486873
2025-08-18,B_40_40_20,2020_2024_to_2025,1.2382636517663026
2025-08-19,B_40_40_20,2020_2024_to_2025,1.2346996093775773
2025-08-20,B_40_40_20,2020_2024_to_2025,1.2423157914613403
2025-08-21,B_40_40_20,2020_2024_to_2025,1.2462137341408865
2025-08-22,B_40_40_20,2020_2024_to_2025,1.2923695085038078
2025-08-25,B_40_40_20,2020_2024_to_2025,1.3223355974884665
2025-08-26,B_40_40_20,2020_2024_to_2025,1.310093460218148
2025-08-27,B_40_40_20,2020_2024_to_2025,1.2973896972749495
2025-08-28,B_40_40_20,2020_2024_to_2025,1.333053262531872
2025-08-29,B_40_40_20,2020_2024_to_2025,1.3334309886266291
2025-09-01,B_40_40_20,2020_2024_to_2025,1.3688453529637623
2025-09-02,B_40_40_20,2020_2024_to_2025,1.3279552841788242
2025-09-03,B_40_40_20,2020_2024_to_2025,1.320941117750414
2025-09-04,B_40_40_20,2020_2024_to_2025,1.2642260702137436
2025-09-05,B_40_40_20,2020_2024_to_2025,1.313103453623957
2025-09-08,B_40_40_20,2020_2024_to_2025,1.3062345322892113
2025-09-09,B_40_40_20,2020_2024_to_2025,1.2852282195994162
2025-09-10,B_40_40_20,2020_2024_to_2025,1.2987658950884562
2025-09-11,B_40_40_20,2020_2024_to_2025,1.3561592883056302
2025-09-12,B_40_40_20,2020_2024_to_2025,1.3578353899682638
2025-09-15,B_40_40_20,2020_2024_to_2025,1.3553676736183533
2025-09-16,B_40_40_20,2020_2024_to_2025,1.3618565007344055
2025-09-17,B_40_40_20,2020_2024_to_2025,1.3747202398099476
2025-09-18,B_40_40_20,2020_2024_to_2025,1.3652698354327053
2025-09-19,B_40_40_20,2020_2024_to_2025,1.362768584809378
2025-09-22,B_40_40_20,2020_2024_to_2025,1.3857092272653173
2025-09-23,B_40_40_20,2020_2024_to_2025,1.3793339480552367
2025-09-24,B_40_40_20,2020_2024_to_2025,1.4014554503306325
2025-09-25,B_40_40_20,2020_2024_to_2025,1.4175236029818745
2025-09-26,B_40_40_20,2020_2024_to_2025,1.3900360595155337
2025-09-29,B_40_40_20,2020_2024_to_2025,1.4191103547003334
2025-09-30,B_40_40_20,2020_2024_to_2025,1.4308840290689122
2025-10-09,B_40_40_20,2020_2024_to_2025,1.4573011766184747
2025-10-10,B_40_40_20,2020_2024_to_2025,1.407359492545745
2025-10-13,B_40_40_20,2020_2024_to_2025,1.4170921382322506
2025-10-14,B_40_40_20,2020_2024_to_2025,1.389163552439484
2025-10-15,B_40_40_20,2020_2024_to_2025,1.4164191796990588
2025-10-16,B_40_40_20,2020_2024_to_2025,1.4172453793277306
2025-10-17,B_40_40_20,2020_2024_to_2025,1.395467791765721
2025-10-20,B_40_40_20,2020_2024_to_2025,1.4011963150508193
2025-10-21,B_40_40_20,2020_2024_to_2025,1.4254415268803278
2025-10-22,B_40_40_20,2020_2024_to_2025,1.400223086339633
2025-10-23,B_40_40_20,2020_2024_to_2025,1.3982627115538642
2025-10-24,B_40_40_20,2020_2024_to_2025,1.4215288172833058
2025-10-27,B_40_40_20,2020_2024_to_2025,1.4328762570195193
2025-10-28,B_40_40_20,2020_2024_to_2025,1.4125149748810748
2025-10-29,B_40_40_20,2020_2024_to_2025,1.4347255316124077
2025-10-30,B_40_40_20,2020_2024_to_2025,1.4232904184838138
2025-10-31,B_40_40_20,2020_2024_to_2025,1.411429583211599
2025-11-03,B_40_40_20,2020_2024_to_2025,1.4082622096447903
2025-11-04,B_40_40_20,2020_2024_to_2025,1.4020774489367696
2025-11-05,B_40_40_20,2020_2024_to_2025,1.4042517522653164
2025-11-06,B_40_40_20,2020_2024_to_2025,1.4126902225334614
2025-11-07,B_40_40_20,2020_2024_to_2025,1.4131064941997344
2025-11-10,B_40_40_20,2020_2024_to_2025,1.4201398647866446
2025-11-11,B_40_40_20,2020_2024_to_2025,1.4225461907324157
2025-11-12,B_40_40_20,2020_2024_to_2025,1.422955641077511
2025-11-13,B_40_40_20,2020_2024_to_2025,1.430172098966266
2025-11-14,B_40_40_20,2020_2024_to_2025,1.4218923445607639
2025-11-17,B_40_40_20,2020_2024_to_2025,1.4195228234741084
2025-11-18,B_40_40_20,2020_2024_to_2025,1.4080104290069155
2025-11-19,B_40_40_20,2020_2024_to_2025,1.411070473386035
2025-11-20,B_40_40_20,2020_2024_to_2025,1.4080363626786805
2025-11-21,B_40_40_20,2020_2024_to_2025,1.3900394779048648
2025-11-24,B_40_40_20,2020_2024_to_2025,1.3953404143382937
2025-11-25,B_40_40_20,2020_2024_to_2025,1.403697072397834
2025-11-26,B_40_40_20,2020_2024_to_2025,1.4043798006058823
2025-11-27,B_40_40_20,2020_2024_to_2025,1.4055501856489396
2025-11-28,B_40_40_20,2020_2024_to_2025,1.4086950962058649
2025-12-01,B_40_40_20,2020_2024_to_2025,1.4118864000017224
2025-12-02,B_40_40_20,2020_2024_to_2025,1.415267826138727
2025-12-03,B_40_40_20,2020_2024_to_2025,1.4069916183112
2025-12-04,B_40_40_20,2020_2024_to_2025,1.410953961523696
2025-12-05,B_40_40_20,2020_2024_to_2025,1.414485125596685
2025-12-08,B_40_40_20,2020_2024_to_2025,1.407668839360343
2025-12-09,B_40_40_20,2020_2024_to_2025,1.4008503261413057
2025-12-10,B_40_40_20,2020_2024_to_2025,1.399576551141151
2025-12-11,B_40_40_20,2020_2024_to_2025,1.3959929670146127
2025-12-12,B_40_40_20,2020_2024_to_2025,1.403452984510625
2025-12-15,B_40_40_20,2020_2024_to_2025,1.3974126275420649
2025-12-16,B_40_40_20,2020_2024_to_2025,1.3860165845242516
2025-12-17,B_40_40_20,2020_2024_to_2025,1.392416406295062
2025-12-18,B_40_40_20,2020_2024_to_2025,1.3957653358408297
2025-12-19,B_40_40_20,2020_2024_to_2025,1.3986581026840605
2025-12-22,B_40_40_20,2020_2024_to_2025,1.4021116544468581
2025-12-23,B_40_40_20,2020_2024_to_2025,1.4026102563055625
2025-12-24,B_40_40_20,2020_2024_to_2025,1.4023316824894843
2025-12-25,B_40_40_20,2020_2024_to_2025,1.4018049467769598
2025-12-26,B_40_40_20,2020_2024_to_2025,1.4012725031096915
2025-12-29,B_40_40_20,2020_2024_to_2025,1.398033762378412
2025-12-30,B_40_40_20,2020_2024_to_2025,1.3996859810170625
2025-12-31,B_40_40_20,2020_2024_to_2025,1.3945761593114128
2026-01-05,B_40_40_20,2020_2025_to_2026,1.3945761593114128
2026-01-06,B_40_40_20,2020_2025_to_2026,1.4102389753431714
2026-01-07,B_40_40_20,2020_2025_to_2026,1.415710084127752
2026-01-08,B_40_40_20,2020_2025_to_2026,1.413674033390877
2026-01-09,B_40_40_20,2020_2025_to_2026,1.4254450146979274
2026-01-12,B_40_40_20,2020_2025_to_2026,1.4405645952871637
2026-01-13,B_40_40_20,2020_2025_to_2026,1.4324362170200282
2026-01-14,B_40_40_20,2020_2025_to_2026,1.4403801668540632
2026-01-15,B_40_40_20,2020_2025_to_2026,1.4454553966064647
2026-01-16,B_40_40_20,2020_2025_to_2026,1.4449914272870314
2026-01-19,B_40_40_20,2020_2025_to_2026,1.4465416215365943
2026-01-20,B_40_40_20,2020_2025_to_2026,1.4404683740454116
2026-01-21,B_40_40_20,2020_2025_to_2026,1.4543574624629902
2026-01-22,B_40_40_20,2020_2025_to_2026,1.4571063939754623
2026-01-23,B_40_40_20,2020_2025_to_2026,1.4683008501866037
2026-01-26,B_40_40_20,2020_2025_to_2026,1.4744413812079817
2026-01-27,B_40_40_20,2020_2025_to_2026,1.4813967292968642
2026-01-28,B_40_40_20,2020_2025_to_2026,1.4999761281621715
2026-01-29,B_40_40_20,2020_2025_to_2026,1.4989801125149733
2026-01-30,B_40_40_20,2020_2025_to_2026,1.480422733439433
2026-02-02,B_40_40_20,2020_2025_to_2026,1.4442964968677756
2026-02-03,B_40_40_20,2020_2025_to_2026,1.471794253066536
2026-02-04,B_40_40_20,2020_2025_to_2026,1.4622036890355512
2026-02-05,B_40_40_20,2020_2025_to_2026,1.4295930340185055
2026-02-06,B_40_40_20,2020_2025_to_2026,1.42579324260021
2026-02-09,B_40_40_20,2020_2025_to_2026,1.4564293010980875
2026-02-10,B_40_40_20,2020_2025_to_2026,1.456199793410553
2026-02-11,B_40_40_20,2020_2025_to_2026,1.457912714234636
2026-02-12,B_40_40_20,2020_2025_to_2026,1.4736853435607822
2026-02-13,B_40_40_20,2020_2025_to_2026,1.4529470453783506
2026-02-24,B_40_40_20,2020_2025_to_2026,1.4777960992208963
2026-02-25,B_40_40_20,2020_2025_to_2026,1.4898286326830348
2026-02-26,B_40_40_20,2020_2025_to_2026,1.4986562139506598
2026-02-27,B_40_40_20,2020_2025_to_2026,1.5092065840735962
2026-03-02,B_40_40_20,2020_2025_to_2026,1.5262809711577927
2026-03-03,B_40_40_20,2020_2025_to_2026,1.5036665266178542
2026-03-04,B_40_40_20,2020_2025_to_2026,1.4963028012062416
2026-03-05,B_40_40_20,2020_2025_to_2026,1.5082724484464678
2026-03-06,B_40_40_20,2020_2025_to_2026,1.510485789877819
2026-03-09,B_40_40_20,2020_2025_to_2026,1.5050671436460572
2026-03-10,B_40_40_20,2020_2025_to_2026,1.516779687273321
2026-03-11,B_40_40_20,2020_2025_to_2026,1.5231847017035753
2026-03-12,B_40_40_20,2020_2025_to_2026,1.5192596266704468
2026-03-13,B_40_40_20,2020_2025_to_2026,1.5109886995475277
2026-03-16,B_40_40_20,2020_2025_to_2026,1.5039746805454117
2026-03-17,B_40_40_20,2020_2025_to_2026,1.4897894183361935
2026-03-18,B_40_40_20,2020_2025_to_2026,1.5013172883194603
2026-03-19,B_40_40_20,2020_2025_to_2026,1.4847153805131088
2026-03-20,B_40_40_20,2020_2025_to_2026,1.4863242406087829
2026-03-23,B_40_40_20,2020_2025_to_2026,1.4640628498724784
2026-03-24,B_40_40_20,2020_2025_to_2026,1.4751949973915328
2026-03-25,B_40_40_20,2020_2025_to_2026,1.487686015697503
2026-03-26,B_40_40_20,2020_2025_to_2026,1.4795047762932154
2026-03-27,B_40_40_20,2020_2025_to_2026,1.4834651629655984
2026-03-30,B_40_40_20,2020_2025_to_2026,1.4792465243719843
2026-03-31,B_40_40_20,2020_2025_to_2026,1.4652078365298005
2026-04-01,B_40_40_20,2020_2025_to_2026,1.47856000002434
2026-04-02,B_40_40_20,2020_2025_to_2026,1.4751622154778148
2026-04-03,B_40_40_20,2020_2025_to_2026,1.4735092427258225
2026-04-07,B_40_40_20,2020_2025_to_2026,1.4745130369819759
2026-04-08,B_40_40_20,2020_2025_to_2026,1.4848198738007377
2026-04-09,B_40_40_20,2020_2025_to_2026,1.4833028544185485
2026-04-10,B_40_40_20,2020_2025_to_2026,1.490765805739459
2026-04-13,B_40_40_20,2020_2025_to_2026,1.4933512673189662
2026-04-14,B_40_40_20,2020_2025_to_2026,1.498789137236362
2026-04-15,B_40_40_20,2020_2025_to_2026,1.4976977884718456
2026-04-16,B_40_40_20,2020_2025_to_2026,1.5041891069788302
2026-04-17,B_40_40_20,2020_2025_to_2026,1.506775671865417
2026-04-20,B_40_40_20,2020_2025_to_2026,1.5073449066776328
2026-04-21,B_40_40_20,2020_2025_to_2026,1.5102853402271177
2026-04-22,B_40_40_20,2020_2025_to_2026,1.513752061425001
2026-04-23,B_40_40_20,2020_2025_to_2026,1.5113870070974278
2026-04-24,B_40_40_20,2020_2025_to_2026,1.5091390264052724
2026-04-27,B_40_40_20,2020_2025_to_2026,1.509462826130686
2026-04-28,B_40_40_20,2020_2025_to_2026,1.50699908880183
2026-04-29,B_40_40_20,2020_2025_to_2026,1.5144630806355255
2026-04-30,B_40_40_20,2020_2025_to_2026,1.511969150278862
2026-05-06,B_40_40_20,2020_2025_to_2026,1.5134986541679816
2026-05-07,B_40_40_20,2020_2025_to_2026,1.5284217288604396
2026-05-08,B_40_40_20,2020_2025_to_2026,1.5208931169720163
2026-05-11,B_40_40_20,2020_2025_to_2026,1.5484707812836167
2026-05-12,B_40_40_20,2020_2025_to_2026,1.5477285994806802
2026-05-13,B_40_40_20,2020_2025_to_2026,1.5701337366717163
2026-05-14,B_40_40_20,2020_2025_to_2026,1.5475175154828145
2026-05-15,B_40_40_20,2020_2025_to_2026,1.5356369389103557
2026-05-18,B_40_40_20,2020_2025_to_2026,1.540969609285022
2026-05-19,B_40_40_20,2020_2025_to_2026,1.5456964487663716
2026-05-20,B_40_40_20,2020_2025_to_2026,1.5630457386415966
2026-05-21,B_40_40_20,2020_2025_to_2026,1.5324141457772376
2026-05-22,B_40_40_20,2020_2025_to_2026,1.5615563028455715
2026-05-25,B_40_40_20,2020_2025_to_2026,1.5874547055268327
2026-05-26,B_40_40_20,2020_2025_to_2026,1.5870672870225604
2026-05-27,B_40_40_20,2020_2025_to_2026,1.57732930503873
2026-05-28,B_40_40_20,2020_2025_to_2026,1.5949145708390584
2026-05-29,B_40_40_20,2020_2025_to_2026,1.5651091316680432
2026-06-01,B_40_40_20,2020_2025_to_2026,1.5395257434011145
2026-06-02,B_40_40_20,2020_2025_to_2026,1.5596943864560424
2026-06-03,B_40_40_20,2020_2025_to_2026,1.5775289278565476
2026-06-04,B_40_40_20,2020_2025_to_2026,1.5804453697960774
2026-06-05,B_40_40_20,2020_2025_to_2026,1.5469190774620207
