date,0
2019-01-14,-0.593219178490468
2019-01-15,-0.6256592060664428
2019-01-16,-0.6389961267465779
2019-01-17,-0.6717743997323752
2019-01-18,-0.6470098982548451
2019-01-21,-0.6881172231353089
2019-01-22,-0.7719070865598668
2019-01-23,-0.8031862592815747
2019-01-24,-0.7891953283193547
2019-01-25,-0.8365353144785383
2019-01-28,-0.8551072722777878
2019-01-29,-0.8901805323971156
2019-01-30,-0.8773220842351959
2019-01-31,-0.8669129495530588
2019-02-01,-0.8428050056731127
2019-02-11,-0.9009914656736701
2019-02-12,-0.9039593401092423
2019-02-13,-0.8567839376596306
2019-02-14,-0.8104502919941773
2019-02-15,-0.8637102609557132
2019-02-18,-0.6907144429629417
2019-02-19,-0.6092243065837473
2019-02-20,-0.6077476862926974
2019-02-21,-0.5950901508643833
2019-02-22,-0.5881779049349294
2019-02-25,-0.4031554602502227
2019-02-26,-0.23900730234903864
2019-02-27,-0.12306257019538362
2019-02-28,-0.09357800515248271
2019-03-01,0.21188312846967725
2019-03-04,0.10607641029750688
2019-03-05,0.009719206090237499
2019-03-06,-0.04025361576999141
2019-03-07,-0.1775790683692888
2019-03-08,-0.31384040909931016
2019-03-11,-0.32028347216686504
2019-03-12,-0.21034778539501436
2019-03-13,-0.12068887104055828
2019-03-14,-0.1490591113071205
2019-03-15,-0.08966982692623396
2019-03-18,0.032543385269092395
2019-03-19,-0.037692463231375185
2019-03-20,-0.04300349406499675
2019-03-21,-0.09782120468219908
2019-03-22,-0.10858136815286107
2019-03-25,-0.227154415323601
2019-03-26,-0.21082773813438166
2019-03-27,-0.13031536551875159
2019-03-28,-0.18020184626134853
2019-03-29,-0.0830138485523575
2019-04-01,-0.010496243503258795
2019-04-02,-0.04354223403813623
2019-04-03,-0.013980202265682175
2019-04-04,0.03327513031313063
2019-04-08,0.1796356596645744
2019-04-09,0.18855051406020892
2019-04-10,0.15274125696379282
2019-04-11,0.22435048415472075
2019-04-12,0.20636090935781087
2019-04-15,0.15310917042505093
2019-04-16,0.22632459263444596
2019-04-17,0.225308175658312
2019-04-18,0.18804703193996314
2019-04-19,0.21936609085891104
2019-04-22,0.10028361730807707
2019-04-23,0.06160742223391763
2019-04-24,0.09305647491240529
2019-04-25,0.1052119393843176
2019-04-26,0.13333581046701035
2019-04-29,0.23561759687835476
2019-04-30,0.19946738942465442
2019-05-06,0.006350114305081175
2019-05-07,0.10256328621804779
2019-05-08,0.10881272016954265
2019-05-09,-0.045781147781948084
2019-05-10,0.056491628688329666
2019-05-13,0.14111694879055087
2019-05-14,0.08190401586003318
2019-05-15,0.15420099113839514
2019-05-16,0.14807066303140293
2019-05-17,0.11713231799913695
2019-05-20,-0.043933104774419876
2019-05-21,-0.07846284392716345
2019-05-22,-0.07967598718643264
2019-05-23,-0.21526373276597252
2019-05-24,-0.16946397879920672
2019-05-27,-0.21658837875700326
2019-05-28,-0.20880844844286156
2019-05-29,-0.1820298128371207
2019-05-30,-0.1535987913849877
2019-05-31,-0.1735023492761791
2019-06-03,-0.20748685828323146
2019-06-04,-0.24285195485725095
2019-06-05,-0.15344390634041105
2019-06-06,-0.15304635898229896
2019-06-10,-0.13025782233706534
2019-06-11,-0.12034238720903834
2019-06-12,-0.024336437369458355
2019-06-13,0.07248809210403265
2019-06-14,-0.06933302450197626
2019-06-17,0.019529314419575013
2019-06-18,-0.04876646900831415
2019-06-19,-0.10854295431366337
2019-06-20,-0.0067625292958380075
2019-06-21,0.04048482950261565
2019-06-24,0.12112934394471371
2019-06-25,0.17542384830448537
2019-06-26,0.056159811638780956
2019-06-27,0.1521000585795158
2019-06-28,0.20063250420896983
2019-07-01,0.2725953019605755
2019-07-02,0.5466218639926885
2019-07-03,0.497959885201127
2019-07-04,0.5350972517700099
2019-07-05,0.5368354555304582
2019-07-08,0.4671612803551075
2019-07-09,0.5172920468148784
2019-07-10,0.6856212557231433
2019-07-11,0.8664562638624261
2019-07-12,0.6949651568422421
2019-07-15,0.8159766754393999
2019-07-16,0.788657577048379
2019-07-17,0.8088153806803412
2019-07-18,0.8602855574683028
2019-07-19,0.8818137949512443
2019-07-22,0.6892950034451674
2019-07-23,0.6921755405185125
2019-07-24,0.8068222963464324
2019-07-25,0.725730580703719
2019-07-26,0.6577826318238698
2019-07-29,0.629371708713631
2019-07-30,0.7416618643562864
2019-07-31,0.7286980956437934
2019-08-01,0.6348972088160214
2019-08-02,0.5805828091858479
2019-08-05,0.6427717390069257
2019-08-06,0.4940702570986443
2019-08-07,0.4925672843453113
2019-08-08,0.5750389060523051
2019-08-09,0.622052130607418
2019-08-12,0.7396459915122143
2019-08-13,0.7219912466045932
2019-08-14,0.7744052424700922
2019-08-15,0.8681850662384107
2019-08-16,0.9130398502717237
2019-08-19,1.0486569532393157
2019-08-20,0.9096894222100641
2019-08-21,0.976354127821552
2019-08-22,0.9160186678442904
2019-08-23,0.9233063603661632
2019-08-26,0.9426925451173581
2019-08-27,1.049075582977885
2019-08-28,1.1508482973505734
2019-08-29,1.3446637584924912
2019-08-30,1.4284994170057759
2019-09-02,1.4139967881949922
2019-09-03,1.299456198691245
2019-09-04,1.3401584462763563
2019-09-05,1.3484297148027766
2019-09-06,1.3272239415124092
2019-09-09,1.213092316306322
2019-09-10,1.1507179153267741
2019-09-11,1.1376984557732788
2019-09-12,1.1750806340112667
2019-09-16,1.1824436418000672
2019-09-17,1.1997943793416557
2019-09-18,1.1909893704869696
2019-09-19,1.323543311901782
2019-09-20,1.4296962877257628
2019-09-23,1.372017995604228
2019-09-24,1.504953474724193
2019-09-25,1.4867178793269211
2019-09-26,1.4494885829196926
2019-09-27,1.4189644206614478
2019-09-30,1.3478876340491257
2019-10-08,1.4599361202459193
2019-10-09,1.3693173850747267
2019-10-10,1.3175741872586273
2019-10-11,1.3907687193530012
2019-10-14,1.2340021927480935
2019-10-15,1.237604246372932
2019-10-16,1.1391972212013115
2019-10-17,1.179826244214456
2019-10-18,1.0523933104798162
2019-10-21,1.4073275917986392
2019-10-22,1.4561358969973408
2019-10-23,1.4470888090532226
2019-10-24,1.912627593169049
2019-10-25,1.8239541008563838
2019-10-28,1.883067764594422
2019-10-29,1.9790005502806232
2019-10-30,1.8649029968206556
2019-10-31,2.0488886563254685
2019-11-01,2.020181347223897
2019-11-04,1.86629630901039
2019-11-05,2.118110883751536
2019-11-06,2.041566781227155
2019-11-07,2.1945669777505072
2019-11-08,2.211950539963371
2019-11-11,2.323082981213725
2019-11-12,2.3009387105140475
2019-11-13,2.2511917889140522
2019-11-14,2.163726068132295
2019-11-15,1.9498028545469024
2019-11-18,2.124537980778761
2019-11-19,2.228482349736658
2019-11-20,2.134769355387424
2019-11-21,1.9826773350257116
2019-11-22,1.9704110577232172
2019-11-25,1.9686006960973068
2019-11-26,2.0209426055228765
2019-11-27,2.0498179544471338
2019-11-28,1.996748157771339
2019-11-29,1.8176426801958048
2019-12-02,1.7596677437198758
2019-12-03,1.8692842884736571
2019-12-04,1.8880740783164225
2019-12-05,1.9472176351332666
2019-12-06,2.1104596896092933
2019-12-09,2.0840279937776427
2019-12-10,2.061437384272487
2019-12-11,1.9980625848438975
2019-12-12,1.9966537298751794
2019-12-13,2.0503992821338324
2019-12-16,1.938382988184084
2019-12-17,2.031422017646744
2019-12-18,2.0124751371365015
2019-12-19,2.1177543832609467
2019-12-20,2.1513679629141556
2019-12-23,2.195451562327404
2019-12-24,2.218598844397883
2019-12-25,2.186981576422012
2019-12-26,2.207940309660092
2019-12-27,2.3679679658831843
2019-12-30,2.502260098931863
2019-12-31,2.599828041618039
2020-01-02,2.7058286884499108
2020-01-03,2.8709862271652393
2020-01-06,2.9384349508682686
2020-01-07,3.0260685232481026
2020-01-08,3.014107205960581
2020-01-09,3.0851488929711492
2020-01-10,3.070551710175923
2020-01-13,3.074398274004811
2020-01-14,3.1527458227117218
2020-01-15,3.1163746010403788
2020-01-16,3.0152661955315025
2020-01-17,2.9818291262449437
2020-01-20,3.0133381551913225
2020-01-21,2.8214721642242933
2020-01-22,2.833359871788519
2020-01-23,2.5263893689288173
2020-02-03,1.3461702353149714
2020-02-04,1.4876425612261523
2020-02-05,1.5909176195788326
2020-02-06,1.7314190558268892
2020-02-07,1.7074952628532765
2020-02-10,1.7468201132720413
2020-02-11,1.8577346596390287
2020-02-12,1.9527425562582124
2020-02-13,1.9817384951393024
2020-02-14,1.9277636926298296
2020-02-17,2.0563421662052663
2020-02-18,1.9825121518706779
2020-02-19,1.9768241633457366
2020-02-20,2.051174848652668
2020-02-21,2.0058210262323892
2020-02-24,1.9063763325589986
2020-02-25,1.8794814910179116
2020-02-26,1.706679995485477
2020-02-27,1.7414353188996523
2020-02-28,1.4271585900883716
2020-03-02,1.4839684838090745
2020-03-03,1.5508786862103945
2020-03-04,1.6053479625887308
2020-03-05,1.7586949805001948
2020-03-06,1.704789882363323
2020-03-09,1.3618220417943832
2020-03-10,1.4789298707768357
2020-03-11,1.3915537089706451
2020-03-12,1.2354336384393785
2020-03-13,1.0067080718630859
2020-03-16,0.693320900320143
2020-03-17,0.5883651382522044
2020-03-18,0.5048746852037971
2020-03-19,0.4795421490862122
2020-03-20,0.7401637230952747
2020-03-23,0.49922208674884017
2020-03-24,0.6750198853385247
2020-03-25,0.8554009479414529
2020-03-26,0.8500026845130432
2020-03-27,0.8349922233746792
2020-03-30,0.6474620386360131
2020-03-31,0.7220595732340979
2020-04-01,0.6672068015477889
2020-04-02,0.7058607268650292
2020-04-03,0.7082145027325875
2020-04-07,0.9571336698480047
2020-04-08,0.9458858297700076
2020-04-09,0.957835348150826
2020-04-10,0.9380242467538071
2020-04-13,0.8576280367720862
2020-04-14,0.8670781500235907
2020-04-15,0.8776481180543969
2020-04-16,0.8840629791160055
2020-04-17,0.8592539828169473
2020-04-20,0.8606711862469099
2020-04-21,0.819971947962913
2020-04-22,0.8752610952330906
2020-04-23,0.9582430042941403
2020-04-24,0.977525561086259
2020-04-27,1.0493389456824593
2020-04-28,1.0421925787906754
2020-04-29,1.0313481943644416
2020-04-30,1.0943170040682006
2020-05-06,1.0782056656386063
2020-05-07,1.100692370407326
2020-05-08,1.163233709518734
2020-05-11,1.0874844118459654
2020-05-12,1.1448837751799197
2020-05-13,1.1896207485392667
2020-05-14,1.1375462907058067
2020-05-15,1.1220333162976084
2020-05-18,1.360872385741358
2020-05-19,1.3534037620804866
2020-05-20,1.3815735846611064
2020-05-21,1.4260053158096004
2020-05-22,1.2325955462341478
2020-05-25,1.2706177769223026
2020-05-26,1.3639456096026066
2020-05-27,1.2249128005837693
2020-05-28,1.1921502737232357
2020-05-29,1.2526605081416928
2020-06-01,1.403445273978545
2020-06-02,1.360222807594764
2020-06-03,1.3903380570954438
2020-06-04,1.4579565683244708
2020-06-05,1.4800187117536168
2020-06-08,1.4473183361785043
2020-06-09,1.5108676091804143
2020-06-10,1.5769601336177412
2020-06-11,1.570065255621343
2020-06-12,1.5717656444816093
2020-06-15,1.5180204219798243
2020-06-16,1.6489005730019979
2020-06-17,1.6725310885016742
2020-06-18,1.6810314804702449
2020-06-19,1.7294328504228815
2020-06-22,1.7310920244139014
2020-06-23,1.8109854501370892
2020-06-24,1.8629726279988998
2020-06-29,1.7927386769978688
2020-06-30,1.9083566963408927
2020-07-01,1.9435212893788802
2020-07-02,2.0164603789692883
2020-07-03,2.074783325110855
2020-07-06,2.2705833726124007
2020-07-07,2.33178109763815
2020-07-08,2.4508535845878634
2020-07-09,2.6201482381933516
2020-07-10,2.552920180842223
2020-07-13,2.721468382878448
2020-07-14,2.594798044200554
2020-07-15,2.5654338435580044
2020-07-16,1.9298048496402336
2020-07-17,1.9881784575581045
2020-07-20,2.06248344149678
2020-07-21,2.2650893918962356
2020-07-22,2.3824872464105633
2020-07-23,2.448363622981617
2020-07-24,2.0030086322046805
2020-07-27,2.0604378231597047
2020-07-28,2.0920404152980314
2020-07-29,2.253216722568409
2020-07-30,2.2597905417720714
2020-07-31,2.3524035293821948
2020-08-03,2.3895198598755854
2020-08-04,2.390840821753775
2020-08-05,2.494456458888666
2020-08-06,2.445481012260256
2020-08-07,2.350391829149701
2020-08-10,2.3330925069191126
2020-08-11,2.198690304092781
2020-08-12,1.8980323095401401
2020-08-13,1.9336500456518622
2020-08-14,2.0613543729583483
2020-08-17,2.149497582832748
2020-08-18,2.2244753960164383
2020-08-19,2.119179083869692
2020-08-20,1.982374885922556
2020-08-21,2.0175557264677386
2020-08-24,2.047664314280312
2020-08-25,2.061587576727685
2020-08-26,2.003924369444672
2020-08-27,2.1108704692275526
2020-08-28,2.2306788970155043
2020-08-31,2.2380580720445002
2020-09-01,2.2344852408368014
2020-09-02,2.2568134582831405
2020-09-03,2.238112640509298
2020-09-04,2.0999453103950607
2020-09-07,1.9001897836853465
2020-09-08,1.9330502229531141
2020-09-09,1.7371268743195094
2020-09-10,1.7611328145756528
2020-09-11,1.7957851095441797
2020-09-14,1.817175742956181
2020-09-15,1.8587704239505105
2020-09-16,1.8122741195314156
2020-09-17,1.7300365370304782
2020-09-18,1.788229415125785
2020-09-21,1.7469286927689256
2020-09-22,1.6746463583241153
2020-09-23,1.7258198508804767
2020-09-24,1.6357944153017405
2020-09-25,1.6342032089669158
2020-09-28,1.6452110005966103
2020-09-29,1.7202046154794932
2020-09-30,1.7275814715374929
2020-10-09,1.8154276627482238
2020-10-12,1.8961261700666783
2020-10-13,1.922896435339684
2020-10-14,1.8831279180049676
2020-10-15,1.866382784377141
2020-10-16,1.9008973476956073
2020-10-19,1.8780078615709168
2020-10-20,1.9097274749569433
2020-10-21,1.9020549098325064
2020-10-22,1.880956202532417
2020-10-23,1.8047554452903898
2020-10-26,1.7577090881860384
2020-10-27,1.7762125829828697
2020-10-28,1.7968524597657103
2020-10-29,1.8228636172325074
2020-10-30,1.7422541474538018
2020-11-02,1.7866898845790562
2020-11-03,1.8412203540235796
2020-11-04,1.8498282037989149
2020-11-05,1.9010446526965548
2020-11-06,1.889872467726723
2020-11-09,1.9289140762837522
2020-11-10,1.87313890559738
2020-11-11,1.831759831795083
2020-11-12,1.8611176604782391
2020-11-13,1.829161708638958
2020-11-16,1.8173334302180704
2020-11-17,1.758828217402743
2020-11-18,1.7155810499155688
2020-11-19,1.7561335852578022
2020-11-20,1.7425843609715592
2020-11-23,1.787312997906116
2020-11-24,1.832012054277406
2020-11-25,1.78065187333385
2020-11-26,1.7726913575870085
2020-11-27,1.7977704629228115
2020-11-30,1.7978951805935621
2020-12-01,1.813365962068381
2020-12-02,1.7829422781831206
2020-12-03,1.8147671756361796
2020-12-04,1.8709236121932322
2020-12-07,1.8901733971897399
2020-12-08,1.8893295433013488
2020-12-09,1.8498934616722693
2020-12-10,1.8507795156230764
2020-12-11,1.8272782791305513
2020-12-14,1.9025775064185102
2020-12-15,1.900987932234313
2020-12-16,1.937265809596656
2020-12-17,1.9811651046208052
2020-12-18,1.9524380975675857
2020-12-21,1.9828951606873266
2020-12-22,1.9362470058811196
2020-12-23,1.9661381982741843
2020-12-24,1.961286001933145
2020-12-25,1.9810244169855629
2020-12-28,1.9568607137628626
2020-12-29,1.9457091405691733
2020-12-30,1.953903176873809
2020-12-31,2.0322732831792125
2021-01-04,2.0724644520479742
2021-01-05,2.122272324027052
2021-01-06,2.1590862824356467
2021-01-07,2.178983663451233
2021-01-08,2.1524601304632665
2021-01-11,2.0562540238204106
2021-01-12,2.103712020532284
2021-01-13,2.0620384852432783
2021-01-14,1.994299838644262
2021-01-15,1.961872462936064
2021-01-18,1.960510203385778
2021-01-19,1.9026505340041409
2021-01-20,1.9186402781048506
2021-01-21,2.018089951163889
2021-01-22,2.0241203862098356
2021-01-25,2.0365236142077965
2021-01-26,1.9172148459776808
2021-01-27,1.928910483598331
2021-01-28,1.8400026074867173
2021-01-29,1.8208776922836736
2021-02-01,1.840198271904958
2021-02-02,1.885718587562949
2021-02-03,1.927183183725741
2021-02-04,1.908213834443627
2021-02-05,2.022463725492565
2021-02-08,2.4632498710443476
2021-02-09,2.43258658440906
2021-02-10,2.4351858622369367
2021-02-18,2.308510295144977
2021-02-19,2.283723331353859
2021-02-22,2.1316511977211454
2021-02-23,2.0820612025885916
2021-02-24,1.9246331320179686
2021-02-25,1.9103130499620657
2021-02-26,1.7834144497623297
2021-03-01,1.7688119537610552
2021-03-02,1.7464397548794437
2021-03-03,1.8210118867494463
2021-03-04,1.6331127921690167
2021-03-05,1.6086810687066655
2021-03-08,1.5073176472723548
2021-03-09,1.424216836544401
2021-03-10,1.512597417183416
2021-03-11,1.584096149184142
2021-03-12,1.766612268224996
2021-03-15,1.6262620857213272
2021-03-16,1.6322198721274976
2021-03-17,1.6123232666175034
2021-03-18,1.5824684632500863
2021-03-19,1.5029291591452332
2021-03-22,1.6319056297900238
2021-03-23,1.580073702755132
2021-03-24,1.5646821026156355
2021-03-25,1.6623612985311007
2021-03-26,1.8271417322977184
2021-03-29,2.0182829699923115
2021-03-30,2.116515547185142
2021-03-31,2.1205529181651452
2021-04-01,2.2058443426423358
2021-04-02,2.1609727011553015
2021-04-06,2.2549143670159006
2021-04-07,2.111395450759522
2021-04-08,2.0242698596963318
2021-04-09,2.009148380526764
2021-04-12,1.9518787335589551
2021-04-13,2.00619606013723
2021-04-14,1.9889055159358693
2021-04-15,2.0181617954675244
2021-04-16,2.0056658272540235
2021-04-19,2.037006520720302
2021-04-20,1.913088313742098
2021-04-21,1.9421507607720179
2021-04-22,1.9210132656103962
2021-04-23,1.964651199272398
2021-04-26,1.9532835044419268
2021-04-27,1.9075344718593013
2021-04-28,1.927330018004401
2021-04-29,1.940717253722778
2021-04-30,1.9138258118078908
2021-05-06,1.9054775896620164
2021-05-07,1.8684164069801226
2021-05-10,1.8729871952833501
2021-05-11,1.80691727494798
2021-05-12,1.8707465374174972
2021-05-13,1.7619427823494147
2021-05-14,1.8063727259290288
2021-05-17,1.9021459764594009
2021-05-18,1.9006079243004357
2021-05-19,1.860462585230439
2021-05-20,1.8712258834968585
2021-05-21,1.816370577020876
2021-05-24,1.8759515940488125
2021-05-25,1.9632536698952068
2021-05-26,1.9433921010996005
2021-05-27,1.974532635960119
2021-05-28,1.9846087968570143
2021-05-31,2.000259384482919
2021-06-01,1.9952239832507204
2021-06-02,1.9057017589847443
2021-06-03,1.8889561880406718
2021-06-04,1.9817192315708079
2021-06-07,1.9658549335028397
2021-06-08,1.8602645435924388
2021-06-09,1.9157699931125705
2021-06-10,1.989620657200266
2021-06-11,1.98317287815038
2021-06-15,1.8319068505378897
2021-06-16,1.6754790831628443
2021-06-17,1.7138662471029056
2021-06-18,1.7511125967579007
2021-06-21,1.7343508982751514
2021-06-22,1.8129586177665777
2021-06-23,1.8086717689351444
2021-06-24,1.7357437930259725
2021-06-25,1.8464270800310933
2021-06-28,1.8835660705348063
2021-06-29,1.8768653028891522
2021-06-30,1.8543408563334702
2021-07-01,1.8037276264105775
2021-07-02,1.7007347354084978
2021-07-05,1.7079722073986243
2021-07-06,1.6461745016590803
2021-07-07,1.695927084199335
2021-07-08,1.6649774270575632
2021-07-09,1.7154167692421587
2021-07-12,1.7676605569507888
2021-07-13,1.7308748431200989
2021-07-14,1.6007376006593295
2021-07-15,1.5665306601538769
2021-07-16,1.2983193691774904
2021-07-19,1.2375405486530533
2021-07-20,1.1719849277717966
2021-07-21,1.179859962949021
2021-07-22,1.219517666154602
2021-07-23,1.022025529948359
2021-07-26,0.9553223470796974
2021-07-27,0.7941457136892681
2021-07-28,1.175183801375394
2021-07-29,1.3044450530873049
2021-07-30,1.1750040898188585
2021-08-02,1.1566885354656085
2021-08-03,0.9707093455707111
2021-08-04,1.06118092634105
2021-08-05,1.323890577399363
2021-08-06,1.2830407394469627
2021-08-09,1.1773942774904944
2021-08-10,1.0449011103638026
2021-08-11,1.0632519443273285
2021-08-12,0.9768716594182127
2021-08-13,0.8710220792596246
2021-08-16,0.8315718638791402
2021-08-17,0.6284416905655845
2021-08-18,0.6783333082042629
2021-08-19,0.7431755604402136
2021-08-20,0.7114322510390916
2021-08-23,0.9464700994530872
2021-08-24,1.3010761366822754
2021-08-25,1.304303536855911
2021-08-26,1.147494611734288
2021-08-27,1.0816710332022417
2021-08-30,1.0287296229447649
2021-08-31,1.1398504722229252
2021-09-01,1.2011944918699478
2021-09-02,1.1546876491578466
2021-09-03,1.0495507129561283
2021-09-06,1.1155131132617895
2021-09-07,1.2642339161846698
2021-09-08,1.131664623649886
2021-09-09,1.0225937066358832
2021-09-10,1.0429729894358535
2021-09-13,1.0144020419192776
2021-09-14,0.9659311771709292
2021-09-15,0.9742084137897099
2021-09-16,1.0044730728822118
2021-09-17,1.2178089660550162
2021-09-22,1.1522403477129237
2021-09-23,1.384825459933967
2021-09-24,1.3336928017854455
2021-09-27,1.2413273777241478
2021-09-28,1.18450994656773
2021-09-29,0.9886683466283691
2021-09-30,1.1428329112639515
2021-10-08,1.1968292472376023
2021-10-11,1.112631718611699
2021-10-12,1.0825025931264045
2021-10-13,1.2188400578325203
2021-10-14,1.2078506986274629
2021-10-15,1.4095771737238285
2021-10-18,1.4133614481241203
2021-10-19,1.4835322705580452
2021-10-20,1.3812982352609946
2021-10-21,1.3254951056697835
2021-10-22,1.194060854499493
2021-10-25,1.1309001692390008
2021-10-26,1.1254861669899763
2021-10-27,1.107509361470154
2021-10-28,1.0730616335920304
2021-10-29,1.1133085154184974
2021-11-01,1.1662792915151505
2021-11-02,1.1140289250282835
2021-11-03,1.1166416235157801
2021-11-04,1.1917654235957298
2021-11-05,1.2334595438762022
2021-11-08,1.279574072837541
2021-11-09,1.2497027241683762
2021-11-10,1.171186346351041
2021-11-11,1.1902390779055112
2021-11-12,1.2721007088653689
2021-11-15,1.218663041892272
2021-11-16,1.141559125264329
2021-11-17,1.138341219761125
2021-11-18,1.0749536958619068
2021-11-19,1.148796489375466
2021-11-22,1.1285081691383965
2021-11-23,1.1535368086023283
2021-11-24,1.212818125941482
2021-11-25,1.2022991540025265
2021-11-26,1.1951258077465723
2021-11-29,1.1741487967050352
2021-11-30,1.1982118183961588
2021-12-01,1.2317072177587032
2021-12-02,1.1647041654566364
2021-12-03,1.206537538937312
2021-12-06,1.0831970512913007
2021-12-07,1.0816182978707287
2021-12-08,1.242851806219306
2021-12-09,1.2662834783823114
2021-12-10,1.2373962505626301
2021-12-13,1.286403917771359
2021-12-14,1.1756111682362946
2021-12-15,1.1078590485243336
2021-12-16,1.1548672731178788
2021-12-17,1.0034664139707459
2021-12-20,0.8860645880223622
2021-12-21,0.9287352256819069
2021-12-22,0.9926118927901894
2021-12-23,1.0330398404953143
2021-12-24,1.007512275280838
2021-12-27,0.9719679059852775
2021-12-28,1.0440776590536012
2021-12-29,0.972403970523653
2021-12-30,0.9468832359179168
2021-12-31,0.9803089651721834
2022-01-04,0.8945863641965788
2022-01-05,0.8672236210337644
2022-01-06,0.7791640681003955
2022-01-07,0.7759487927042554
2022-01-10,0.7372643458305632
2022-01-11,0.6873061200689438
2022-01-12,0.7693431873983131
2022-01-13,0.6730225580955687
2022-01-14,0.5777243899121817
2022-01-17,0.5715352822281703
2022-01-18,0.5119808643083501
2022-01-19,0.41924185090396665
2022-01-20,0.38330099089067715
2022-01-21,0.3496145818543838
2022-01-24,0.43382750207126103
2022-01-25,0.23028327382519564
2022-01-26,0.2603112715911888
2022-01-27,0.21101321346879795
2022-01-28,0.23586974900619737
2022-02-07,0.318352798315664
2022-02-08,0.3627776865471204
2022-02-09,0.344176581335155
2022-02-10,0.2745361922184124
2022-02-11,0.19134694871172103
2022-02-14,0.10580039067260345
2022-02-15,0.2323151755903845
2022-02-16,0.26124962912188343
2022-02-17,0.38508422292673217
2022-02-18,0.42157884277839164
2022-02-21,0.3809442623417449
2022-02-22,0.2692474571552642
2022-02-23,0.31942662131214034
2022-02-24,0.28145313607686734
2022-02-25,0.26694568683435277
2022-02-28,0.2126715669827156
2022-03-01,0.16492672808300915
2022-03-02,0.07782247202963567
2022-03-03,0.1497845589968496
2022-03-04,0.12196349573312605
2022-03-07,0.2355656940320494
2022-03-08,0.20106022685172406
2022-03-09,0.3276293649099227
2022-03-10,0.3207107692748742
2022-03-11,0.47690678948570764
2022-03-14,0.3345466059477132
2022-03-15,0.24708780031726818
2022-03-16,0.2644828696729629
2022-03-17,0.4640289733065541
2022-03-18,0.5371505952961287
2022-03-21,0.6930227117751626
2022-03-22,0.8098367557149309
2022-03-23,0.7717214824715521
2022-03-24,0.6588543822863565
2022-03-25,0.6174907746714396
2022-03-28,0.6609013307314626
2022-03-29,0.602018741777869
2022-03-30,0.6285164875672512
2022-03-31,0.5466419603328444
2022-04-01,0.6630757211269188
2022-04-06,0.6319297558307408
2022-04-07,0.6182940740600319
2022-04-08,0.7017591576526894
2022-04-11,0.6276063257744701
2022-04-12,0.5596412627575621
2022-04-13,0.5403890764912269
2022-04-14,0.5374749489742753
2022-04-15,0.5516392394652037
2022-04-18,0.4856811376050274
2022-04-19,0.4415661280771715
2022-04-20,0.3973166277749491
2022-04-21,0.4049106136216835
2022-04-22,0.3675481983629184
2022-04-25,0.23117334863800254
2022-04-26,0.2516983372657123
2022-04-27,0.31359214408488095
2022-04-28,0.3115237597607921
2022-04-29,0.4186704282044737
2022-05-05,0.3811510214312025
2022-05-06,0.2595621072930706
2022-05-09,0.24913372548689222
2022-05-10,0.22838322716210235
2022-05-11,0.24010803132258893
2022-05-12,0.21443728371765722
2022-05-13,0.2677313363007916
2022-05-16,0.24198727365887074
2022-05-17,0.24801152721649775
2022-05-18,0.18298940291690963
2022-05-19,0.20499181221886104
2022-05-20,0.2703288543278739
2022-05-23,0.34198241963630593
2022-05-24,0.23903746285352084
2022-05-25,0.30192940580916977
2022-05-26,0.257755989920497
2022-05-27,0.3889774360365757
2022-05-30,0.31974875785814916
2022-05-31,0.21989086152054108
2022-06-01,0.173803605393838
2022-06-02,0.22580712437898856
2022-06-06,0.3000729893326378
2022-06-07,0.32266913080043785
2022-06-08,0.3605014747837665
2022-06-09,0.20546482353590192
2022-06-10,0.24755247759800605
2022-06-13,0.21654713499147135
2022-06-14,0.19190097727304062
2022-06-15,0.08287558089428936
2022-06-16,0.04173087328702549
2022-06-17,0.18353076367959034
2022-06-20,0.17702590350282843
2022-06-21,0.13841908111350662
2022-06-22,0.09168741370168748
2022-06-23,0.1933934566777197
2022-06-24,0.18321753330283091
2022-06-27,0.1569400739330304
2022-06-28,0.1961454265740513
2022-06-29,0.21497836669185205
2022-06-30,0.45818930839693656
2022-07-01,0.3655668903200574
2022-07-04,0.35994503671911077
2022-07-05,0.37747568340200577
2022-07-06,0.18129087191593896
2022-07-07,0.16074517680722938
2022-07-08,0.16889610978525862
2022-07-11,-0.0582753725045678
2022-07-12,-0.17527688414857406
2022-07-13,-0.1117391945155425
2022-07-14,-0.14923347686218533
2022-07-15,-0.19225635866411017
2022-07-18,0.007927221015430481
2022-07-19,-0.11793778074449277
2022-07-20,-0.039301945831122814
2022-07-21,-0.2448825343904608
2022-07-22,-0.2556825793416303
2022-07-25,-0.3158163343228808
2022-07-26,-0.42420099775430237
2022-07-27,-0.40491010247320114
2022-07-28,-0.3040477455198744
2022-07-29,-0.4411656790284269
2022-08-01,-0.2877417422093804
2022-08-02,-0.3543822189794616
2022-08-03,-0.4466235837714386
2022-08-04,-0.5986037724613485
2022-08-05,-0.5477898217446697
2022-08-08,-0.4678075188842691
2022-08-09,-0.2797154171638538
2022-08-10,-0.09811858747333022
2022-08-11,-0.05091664281632031
2022-08-12,-0.29976150656476935
2022-08-15,-0.17756327564270447
2022-08-16,-0.3278175656101522
2022-08-17,-0.19098545547329818
2022-08-18,-0.4567831146432225
2022-08-19,-0.4463584629852478
2022-08-22,-0.440920958160263
2022-08-23,-0.34094498846496535
2022-08-24,-0.4463649098778314
2022-08-25,-0.4400369507720935
2022-08-26,-0.44193436283579896
2022-08-29,-0.45178927243197264
2022-08-30,-0.3989556169320836
2022-08-31,-0.3741879905507533
2022-09-01,-0.4481260386805426
2022-09-02,-0.4581021905380113
2022-09-05,-0.34831599965410037
2022-09-06,-0.4616870369018222
2022-09-07,-0.642551885544572
2022-09-08,-0.6765840698024279
2022-09-09,-0.5269157183328285
2022-09-13,-0.5541989229037558
2022-09-14,-0.6786527148170306
2022-09-15,-0.7181819839956893
2022-09-16,-0.7521767024415539
2022-09-19,-0.8014231534862809
2022-09-20,-0.6813724849262677
2022-09-21,-0.8316622632008318
2022-09-22,-0.9899029918434769
2022-09-23,-0.9194719032601393
2022-09-26,-1.0580832600582206
2022-09-27,-1.062288236076506
2022-09-28,-1.1339277384881323
2022-09-29,-1.0685489014109069
2022-09-30,-0.9672807489661323
2022-10-10,-0.9856659536954726
2022-10-11,-1.0143928824978556
2022-10-12,-0.9363575280758405
2022-10-13,-1.0430953653016333
2022-10-14,-0.9009773485746908
2022-10-17,-0.8854167948303999
2022-10-18,-0.839756152675974
2022-10-19,-0.7339764511318261
2022-10-20,-0.9280759873130593
2022-10-21,-0.9142615968807002
2022-10-24,-1.016864939116203
2022-10-25,-0.9108599817270575
2022-10-26,-0.98788778866706
2022-10-27,-1.062365862029516
2022-10-28,-1.2794250188119132
2022-10-31,-1.3654090929456324
2022-11-01,-1.3050468626192835
2022-11-02,-1.2193336939718193
2022-11-03,-1.2151983600209835
2022-11-04,-1.092529072279899
2022-11-07,-1.1372680199146732
2022-11-08,-1.1540620792420104
2022-11-09,-1.0467969783663256
2022-11-10,-0.9714383910010398
2022-11-11,-0.9375036068163677
2022-11-14,-1.012462086425263
2022-11-15,-0.9188408457820862
2022-11-16,-0.9136853441213392
2022-11-17,-1.013064312223764
2022-11-18,-0.995000708940364
2022-11-21,-1.057275806975943
2022-11-22,-1.087015323368441
2022-11-23,-1.001742692842586
2022-11-24,-1.0470086385440045
2022-11-25,-1.01237358911887
2022-11-28,-1.0073606570973588
2022-11-29,-0.9004536497859292
2022-11-30,-0.9322060526601008
2022-12-01,-0.8531278049120693
2022-12-02,-0.9394117119843831
2022-12-05,-1.011402135882868
2022-12-06,-1.012260363995397
2022-12-07,-1.032433785480074
2022-12-08,-1.02296342068751
2022-12-09,-0.9320655264506409
2022-12-12,-0.9907349941134359
2022-12-13,-0.959360335296697
2022-12-14,-0.9208167152854088
2022-12-15,-0.899416010234963
2022-12-16,-0.976519231352969
2022-12-19,-0.8796410844993482
2022-12-20,-0.9187846546558397
2022-12-21,-1.0606674449050248
2022-12-22,-1.090192301040848
2022-12-23,-1.1172732480640568
2022-12-26,-1.1403319873074886
2022-12-27,-1.0148966112510893
2022-12-28,-0.9466525758667116
2022-12-29,-1.0450168076190494
2022-12-30,-0.8393725928256278
2023-01-03,-0.6398518940718287
2023-01-04,-0.6939690110974727
2023-01-05,-0.7165879976338221
2023-01-06,-0.7981321088299976
2023-01-09,-0.6724916789535414
2023-01-10,-0.6891711165736358
2023-01-11,-0.7979075349973589
2023-01-12,-0.7219338310002306
2023-01-13,-0.7182818800107733
2023-01-16,-0.712572093049865
2023-01-17,-0.6545171296419682
2023-01-18,-0.5176984734272819
2023-01-19,-0.4205501252197611
2023-01-20,-0.3529184351474106
2023-01-30,-0.33302299218374165
2023-01-31,-0.3273167422551128
2023-02-01,-0.44380826294581815
2023-02-02,-0.3585919465830327
2023-02-03,-0.3853801489426749
2023-02-06,-0.5185897932783636
2023-02-07,-0.5276372882747518
2023-02-08,-0.4673473230836056
2023-02-09,-0.4429517813422663
2023-02-10,-0.3814225923111997
2023-02-13,-0.34325332773332645
2023-02-14,-0.14071518844326805
2023-02-15,-0.20162879942674053
2023-02-16,-0.06284165057266722
2023-02-17,-0.15352028353357075
2023-02-20,-0.22554838572819222
2023-02-21,-0.18925075929426471
2023-02-22,-0.2601678629600541
2023-02-23,-0.303216441636297
2023-02-24,-0.22765517039307345
2023-02-27,-0.20034723171179553
2023-02-28,-0.22260521439890993
2023-03-01,-0.2127951377164786
2023-03-02,-0.26155778480191755
2023-03-03,-0.253518421463807
2023-03-06,-0.2117859199327837
2023-03-07,-0.17638372184116574
2023-03-08,-0.30490666707522257
2023-03-09,-0.18586620736904513
2023-03-10,-0.263375550107875
2023-03-13,-0.21632977800643033
2023-03-14,-0.31516362865644765
2023-03-15,-0.3079201313936226
2023-03-16,-0.37438764178820727
2023-03-17,-0.27356949310865974
2023-03-20,-0.2106080049261515
2023-03-21,-0.09135506457008376
2023-03-22,-0.11286238997319784
2023-03-23,-0.07179811222597408
2023-03-24,-0.06780778466012355
2023-03-27,0.06171516250896908
2023-03-28,0.2760117218486356
2023-03-29,0.09707196225571858
2023-03-30,0.02314842325600112
2023-03-31,-0.020063637674123138
2023-04-03,-0.00930092851724689
2023-04-04,-0.004284165302691718
2023-04-06,-0.01032812337428137
2023-04-07,0.03518169330696587
2023-04-10,-0.04902602553447454
2023-04-11,0.052760582176130305
2023-04-12,0.1469632159458481
2023-04-13,0.051022999813243874
2023-04-14,0.1119823212889378
2023-04-17,0.08659051286149191
2023-04-18,0.09524548626395964
2023-04-19,0.1448604718406339
2023-04-20,0.15322342476432985
2023-04-21,0.13911047744058885
2023-04-24,0.12238485432346768
2023-04-25,0.1324724495796127
2023-04-26,0.051954935597324337
2023-04-27,0.043461254290876467
2023-04-28,0.15828364325470679
2023-05-04,0.214609430825296
2023-05-05,0.3001039915472248
2023-05-08,0.38231780698551054
2023-05-09,0.3307252941979593
2023-05-10,0.5712182170042257
2023-05-11,0.627054075566476
2023-05-12,0.4481417782467838
2023-05-15,0.44064282731362214
2023-05-16,0.20099873493327786
2023-05-17,0.19869741078875527
2023-05-18,0.3790982446317763
2023-05-19,0.387256173184086
2023-05-22,0.40808698491055795
2023-05-23,0.29921092047087167
2023-05-24,0.24256433763121746
2023-05-25,0.13351270121617045
2023-05-26,0.1592617925914435
2023-05-29,0.14374731964164042
2023-05-30,0.24389813684370135
2023-05-31,0.2372768103385086
2023-06-01,0.19337863650228065
2023-06-02,0.23528638296664786
2023-06-05,0.3369626626883925
2023-06-06,0.22156851308469794
2023-06-07,0.208438075462197
2023-06-08,0.1038927745919933
2023-06-09,0.19679385159417
2023-06-12,0.17517975713521514
2023-06-13,0.2867336077847386
2023-06-14,0.2538942452314295
2023-06-15,0.1295167030273332
2023-06-16,0.204036130376939
2023-06-19,0.10785399141220162
2023-06-20,0.13752616853388105
2023-06-21,-0.042882441170988876
2023-06-26,-0.11360100000660905
2023-06-27,-0.08349723088423933
2023-06-28,-0.05404263445724367
2023-06-29,-0.004976984691178066
2023-06-30,-0.02010272445354835
2023-07-03,0.0683070189780467
2023-07-04,0.10440914298507285
2023-07-05,0.12352173813951661
2023-07-06,0.045467161321506966
2023-07-07,0.004083563016788966
2023-07-10,-0.11877980345490921
2023-07-11,-0.14788259042145946
2023-07-12,-0.05136559782108016
2023-07-13,-0.008162809630335846
2023-07-14,0.04482921475678549
2023-07-17,-0.07738504714642128
2023-07-18,-0.1216909338165457
2023-07-19,0.11223321994374952
2023-07-20,-0.042211183824764784
2023-07-21,-0.009520474678885608
2023-07-24,0.1541292662590402
2023-07-25,0.35055834683453085
2023-07-26,0.2995597400288174
2023-07-27,0.2335786151682348
2023-07-28,0.4050171670453093
2023-07-31,0.3169750069863664
2023-08-01,0.37522850168230715
2023-08-02,0.2438353392819105
2023-08-03,0.3535428238643341
2023-08-04,0.40504700448952413
2023-08-07,0.43046381229683733
2023-08-08,0.27637931219049977
2023-08-09,0.22906289663570287
2023-08-10,0.19731079193137346
2023-08-11,0.18959287115486453
2023-08-14,0.09044177260654929
2023-08-15,0.27632163276204924
2023-08-16,0.29841395417070127
2023-08-17,0.3002709712382639
2023-08-18,0.08515467458298376
2023-08-21,0.03041500077931697
2023-08-22,0.024780064631075117
2023-08-23,0.01616656135935612
2023-08-24,-0.019962861148589525
2023-08-25,-0.13885677863501447
2023-08-28,-0.12007774079033079
2023-08-29,-0.05406288779512681
2023-08-30,-0.03213520896184716
2023-08-31,-0.009252665262589204
2023-09-01,0.06628057279708968
2023-09-04,0.03626130384222889
2023-09-05,-0.02375274428583515
2023-09-06,0.1085818629390666
2023-09-07,0.015529813955170146
2023-09-08,-0.011490700716629377
2023-09-11,0.13657000687857307
2023-09-12,0.19684656014786786
2023-09-13,0.307688220100739
2023-09-14,0.41813998245843836
2023-09-15,0.4233218187533553
2023-09-18,0.32556550072624874
2023-09-19,0.1992578814379753
2023-09-20,0.23219887339316242
2023-09-21,0.15867516741685034
2023-09-22,0.1577252832056603
2023-09-25,0.08993057230091281
2023-09-26,0.1623967601918808
2023-09-27,0.2137706973224608
2023-09-28,0.36769548004521163
2023-10-09,0.2923658206862392
2023-10-10,0.1422964312973398
2023-10-11,0.16269212395717303
2023-10-12,0.29245009328708527
2023-10-13,0.20479558352488653
2023-10-16,0.39552064353971694
2023-10-17,0.34864468781796837
2023-10-18,0.44647123476701983
2023-10-19,0.2909775373042226
2023-10-20,0.14595592376357747
2023-10-23,0.28643120602956856
2023-10-24,0.3375933677195235
2023-10-25,0.27735346555997054
2023-10-26,0.3635040670449215
2023-10-27,0.30701007002561126
2023-10-30,0.3884794655715068
2023-10-31,0.37764114226293866
2023-11-01,0.48326886615247366
2023-11-02,0.5370346125051016
2023-11-03,0.6698640241351366
2023-11-06,0.9475920768889371
2023-11-07,0.9018411806029453
2023-11-08,0.8517494565119514
2023-11-09,0.8750442142306295
2023-11-10,1.0215917091030198
2023-11-13,1.1288077962443464
2023-11-14,0.9545107160538682
2023-11-15,0.9800658400128741
2023-11-16,0.9674306582117359
2023-11-17,0.8551963060787932
2023-11-20,0.7636468146763897
2023-11-21,0.7316252232746168
2023-11-22,0.5487891794236093
2023-11-23,0.619170700899322
2023-11-24,0.4182153886135924
2023-11-27,0.5564451229807075
2023-11-28,0.5027091779620697
2023-11-29,0.48705608095038644
2023-11-30,0.5522573322898188
2023-12-01,0.6162092822930492
2023-12-04,0.654930740182521
2023-12-05,0.4299791083871667
2023-12-06,0.4373551150974216
2023-12-07,0.399116468711508
2023-12-08,0.43563813196560597
2023-12-11,0.5679617237803462
2023-12-12,0.4564715829272566
2023-12-13,0.38067614822116635
2023-12-14,0.3312606341976485
2023-12-15,0.3052460308742542
2023-12-18,0.2098667221011478
2023-12-19,0.2858013185153067
2023-12-20,0.24704106965944442
2023-12-21,0.24911837842713477
2023-12-22,0.10771808049602997
2023-12-25,0.1991380025938797
2023-12-26,0.1060834255464208
2023-12-27,0.13406120467506272
2023-12-28,0.33588224006045236
2023-12-29,0.4393811244162555
2024-01-02,0.3975941460588319
2024-01-03,0.4370691488863637
2024-01-04,0.34003818915000444
2024-01-05,0.2677452172658356
2024-01-08,0.20754806034874163
2024-01-09,0.20119172769478508
2024-01-10,0.04574249845739749
2024-01-11,0.14506530444283994
2024-01-12,0.12652679513769996
2024-01-15,0.08846391076632945
2024-01-16,0.03570273258686905
2024-01-17,-0.1547731166026683
2024-01-18,-0.13404095225396384
2024-01-19,-0.08722926448223936
2024-01-22,-0.3102873176430932
2024-01-23,-0.20814113463761585
2024-01-24,-0.15111950045092978
2024-01-25,0.004304541301561772
2024-01-26,-0.13347242275155025
2024-01-29,-0.271560056809678
2024-01-30,-0.3757633493426784
2024-01-31,-0.5066717072170457
2024-02-01,-0.5392602180329732
2024-02-02,-0.6354078698937563
2024-02-05,-0.6858067331352315
2024-02-06,-0.46726100964082096
2024-02-07,-0.44223836925459353
2024-02-08,-0.31716938345908646
2024-02-19,-0.18071925133635483
2024-02-20,-0.0802674862400697
2024-02-21,-0.029664626935298352
2024-02-22,0.09434371817781056
2024-02-23,0.05771538630719417
2024-02-26,0.07542892671234627
2024-02-27,0.12016727567688447
2024-02-28,0.007582408294943295
2024-02-29,0.1557575342432492
2024-03-01,0.2716270395703885
2024-03-04,0.44422903899773364
2024-03-05,0.38681444181063324
2024-03-06,0.3480143287149544
2024-03-07,0.36971773516964057
2024-03-08,0.4798043030560641
2024-03-11,0.4839778939331878
2024-03-12,0.47799132590844134
2024-03-13,0.4096312575684002
2024-03-14,0.342999502305944
2024-03-15,0.4120999866403332
2024-03-18,0.40175368931115296
2024-03-19,0.3268167603743613
2024-03-20,0.405330247329548
2024-03-21,0.5821048838421735
2024-03-22,0.5112290538218951
2024-03-25,0.5269312356334943
2024-03-26,0.48232943046033944
2024-03-27,0.4979175525558676
2024-03-28,0.5117653087628619
2024-03-29,0.6927363562351725
2024-04-01,0.7382947274788126
2024-04-02,0.6876211617607155
2024-04-03,0.6721277571523612
2024-04-08,0.7603555859573427
2024-04-09,0.7172360526950373
2024-04-10,0.7087617992612343
2024-04-11,0.6757088209010738
2024-04-12,0.8089747677757602
2024-04-15,0.8174571948691989
2024-04-16,0.6794456812023336
2024-04-17,0.6876829608969967
2024-04-18,0.6875841871246856
2024-04-19,0.6077630219041085
2024-04-22,0.5232882512115663
2024-04-23,0.3375306635294653
2024-04-24,0.5896040421040151
2024-04-25,0.5096182757505301
2024-04-26,0.5453539358020885
2024-04-29,0.5277159668066779
2024-04-30,0.5269346638214665
2024-05-06,0.5865889947712754
2024-05-07,0.6140570852671507
2024-05-08,0.594402589142534
2024-05-09,0.6044174472170263
2024-05-10,0.9001873447648345
2024-05-13,0.9001327618509979
2024-05-14,0.8515803937119718
2024-05-15,0.8773962955171838
2024-05-16,1.0234981193665038
2024-05-17,0.9604482301838532
2024-05-20,0.977080974641299
2024-05-21,0.9141798490898113
2024-05-22,0.8622827834914767
2024-05-23,0.8235173435484281
2024-05-24,0.7945942399489766
2024-05-27,0.9021362590746141
2024-05-28,0.9806374916485073
2024-05-29,0.9137310617746031
2024-05-30,0.8814887383654866
2024-05-31,0.925504149670645
2024-06-03,0.8211306032374777
2024-06-04,0.9040510568171285
2024-06-05,0.8343093120990408
2024-06-06,0.9727056573444856
2024-06-07,1.1618996476260732
2024-06-11,1.1862608464715043
2024-06-12,1.1739329526678526
2024-06-13,0.9446488123628559
2024-06-14,0.8971834257895098
2024-06-17,0.8408126520011392
2024-06-18,0.8029939347391222
2024-06-19,0.8125434319886777
2024-06-20,0.8189835887925646
2024-06-21,0.8519030270325664
2024-06-24,0.7473873508421202
2024-06-25,0.8107473308481784
2024-06-26,0.7076209963164907
2024-06-27,0.6475059015307879
2024-06-28,0.6519958830009928
2024-07-01,0.7005177278381972
2024-07-02,0.7205701872959639
2024-07-03,0.6627047384942907
2024-07-04,0.6556983540090976
2024-07-05,0.63315482067258
2024-07-08,0.7484597314543292
2024-07-09,0.9506116126314946
2024-07-10,0.8806966122550716
2024-07-11,0.9644129452983445
2024-07-12,0.91958714863521
2024-07-15,0.9149990016106812
2024-07-16,0.9175445670496293
2024-07-17,0.8750816981390004
2024-07-18,0.9290358935968381
2024-07-19,0.8248438569223624
2024-07-22,0.8263250169842191
2024-07-23,0.7866155127344608
2024-07-24,0.7036694549590257
2024-07-25,0.5610680176690912
2024-07-26,0.466312006356867
2024-07-29,0.5361541886935162
2024-07-30,0.4808994344997944
2024-07-31,0.586256763879906
2024-08-01,0.5645546769862282
2024-08-02,0.5204710273282823
2024-08-05,0.254525958438773
2024-08-06,0.27394556846324525
2024-08-07,0.21138505886374476
2024-08-08,0.21563419106379347
2024-08-09,0.2612002119343313
2024-08-12,0.19286237506569281
2024-08-13,0.21175539207121008
2024-08-14,0.21085353403967502
2024-08-15,0.32821816818888794
2024-08-16,0.37779788514417373
2024-08-19,0.35237228103711793
2024-08-20,0.38411181020752405
2024-08-21,0.4009637787726548
2024-08-22,0.39983986151655015
2024-08-23,0.3939317358082224
2024-08-26,0.4931939348711361
2024-08-27,0.5007928116495087
2024-08-28,0.4487552438689438
2024-08-29,0.4608216835110935
2024-08-30,0.5037978634509112
2024-09-02,0.507239453521246
2024-09-03,0.5230829185762567
2024-09-04,0.32772428837677875
2024-09-05,0.41090118322919517
2024-09-06,0.34104273949854114
2024-09-09,0.3396893947693556
2024-09-10,0.2823530158871655
2024-09-11,0.18544340146906432
2024-09-12,0.21788488627711672
2024-09-13,0.2989965248330566
2024-09-18,0.35361961104747386
2024-09-19,0.40938545752433947
2024-09-20,0.49961980288436575
2024-09-23,0.5403972777495385
2024-09-24,0.7905076838978036
2024-09-25,0.894162055102781
2024-09-26,1.0133611787886674
2024-09-27,1.1564850712560364
2024-09-30,1.5048489153284441
2024-10-08,1.4715525949802784
2024-10-09,0.8113932422840259
2024-10-10,0.9483279576482737
2024-10-11,0.8469299391870876
2024-10-14,0.9932178321313195
2024-10-15,0.8067601716926032
2024-10-16,0.8029313599752204
2024-10-17,0.7916874456587344
2024-10-18,1.0652289335196945
2024-10-21,1.0909785873426554
2024-10-22,1.1522567111767292
2024-10-23,1.2821454977395539
2024-10-24,1.2272891516253912
2024-10-25,1.232831177392656
2024-10-28,1.2082779832587403
2024-10-29,1.2591045980350852
2024-10-30,1.2396397848183742
2024-10-31,1.2035769141059613
2024-11-01,1.1413810380938783
2024-11-04,1.2900859193569103
2024-11-05,1.488641655395508
2024-11-06,1.5717591491912273
2024-11-07,1.650278036188091
2024-11-08,1.668506967218235
2024-11-11,1.76489966509089
2024-11-12,1.5004329040286168
2024-11-13,1.4813090807047808
2024-11-14,1.2238510804069798
2024-11-15,1.0819362872559835
2024-11-18,1.0555181483329272
2024-11-19,1.152968967184909
2024-11-20,1.1274110155996395
2024-11-21,1.1854078859790194
2024-11-22,1.049958655579433
2024-11-25,0.9746883906694299
2024-11-26,0.9201005998804893
2024-11-27,1.0775881391320454
2024-11-28,0.9737920810565137
2024-11-29,1.0592011722345185
2024-12-02,1.13826837047361
2024-12-03,1.1671908111777576
2024-12-04,1.1668971203927236
2024-12-05,1.2021912459283155
2024-12-06,1.286844807496716
2024-12-09,1.2623791906016257
2024-12-10,1.3429812841493132
2024-12-11,1.3340568204529937
2024-12-12,1.3985898897291393
2024-12-13,1.296478875893272
2024-12-16,1.2318145184481093
2024-12-17,1.202268966011952
2024-12-18,1.250967955657026
2024-12-19,1.3441487803318877
2024-12-20,1.3293927929085776
2024-12-23,1.3639564519200231
2024-12-24,1.3569617647076988
2024-12-25,1.338433910704389
2024-12-26,1.3783761893226592
2024-12-27,1.402359176887914
2024-12-30,1.3682040856890583
2024-12-31,1.281525295196121
2025-01-02,1.2263027886872304
2025-01-03,1.1707297683536626
2025-01-06,1.2104610847586312
2025-01-07,1.2525260000179916
2025-01-08,1.293342907413065
2025-01-09,1.3050618905563673
2025-01-10,1.2828142495210024
2025-01-13,1.1771022069016872
2025-01-14,1.2496611673174933
2025-01-15,1.2056023250677381
2025-01-16,1.2944013982357048
2025-01-17,1.3470086513574444
2025-01-20,1.4022527125550301
2025-01-21,1.4591941870248577
2025-01-22,1.5137507528927028
2025-01-23,1.5094361662584626
2025-01-24,1.6277301893771654
2025-01-27,1.535310521213717
2025-02-05,1.6383504600955532
2025-02-06,1.6348196956930252
2025-02-07,1.7002763123590798
2025-02-10,1.851336953550305
2025-02-11,1.8813063913547192
2025-02-12,1.8863231160446858
2025-02-13,1.9704464844107443
2025-02-14,1.9709479298822916
2025-02-17,1.9224189857947818
2025-02-18,1.875933713106026
2025-02-19,1.9613512103243749
2025-02-20,1.9710913406815307
2025-02-21,2.067918531439208
2025-02-24,2.1075434498257843
2025-02-25,2.045323292523094
2025-02-26,2.105545222213921
2025-02-27,2.1097420629942314
2025-02-28,1.8306242598357987
2025-03-03,1.8098981015321665
2025-03-04,1.7532675801809854
2025-03-05,1.8402802425896103
2025-03-06,1.998594757977213
2025-03-07,1.9132572209601526
2025-03-10,1.7818907371260324
2025-03-11,1.7238144692294881
2025-03-12,1.7376073014706364
2025-03-13,1.6181207286107964
2025-03-14,1.8608895315510436
2025-03-17,1.8088738448406396
2025-03-18,1.88795475526573
2025-03-19,1.8660526212592425
2025-03-20,1.743141334109814
2025-03-21,1.5326693238900373
2025-03-24,1.543560853008034
2025-03-25,1.3879989082086233
2025-03-26,1.4045794965136584
2025-03-27,1.5165780767892363
2025-03-28,1.48560178621324
2025-03-31,1.4149065187275613
2025-04-01,1.453925547204188
2025-04-02,1.4317942906748637
2025-04-03,1.40019158687432
2025-04-07,0.6464413222701169
2025-04-08,0.5316229942173384
2025-04-09,0.6285190666472108
2025-04-10,0.8220421461604533
2025-04-11,0.8957819078407315
2025-04-14,0.9901992419187498
2025-04-15,0.98170255899563
2025-04-16,0.9169436861366277
2025-04-17,0.8997314234164767
2025-04-18,0.9131089715089481
2025-04-21,0.9665277118999676
2025-04-22,1.012134646076031
2025-04-23,0.9829419717067034
2025-04-24,0.9734786180199664
2025-04-25,1.0067505986525072
2025-04-28,0.9448558338088126
2025-04-29,0.9422507943855337
2025-04-30,0.9721711809081311
2025-05-06,1.0449076421813486
2025-05-07,1.0421474228639684
2025-05-08,1.0569166598635682
2025-05-09,1.0876151891306978
2025-05-12,1.1418191409521952
2025-05-13,1.0964438588498155
2025-05-14,1.1456825721085302
2025-05-15,1.0159505027299534
2025-05-16,1.0412146219284595
2025-05-19,1.0358840673817555
2025-05-20,1.0692797297035925
2025-05-21,1.1143753162642
2025-05-22,1.1192196336245925
2025-05-23,1.0688758166432375
2025-05-26,0.974068705090074
2025-05-27,0.9579471846596709
2025-05-28,0.9590670090395161
2025-05-29,0.9988319112732391
2025-05-30,0.9426996044564789
2025-06-03,0.9702079232171797
2025-06-04,0.9697894978867186
2025-06-05,1.0187399172236935
2025-06-06,1.0189520816441866
2025-06-09,1.1107188805508494
2025-06-10,1.145788059196207
2025-06-11,1.137498850723379
2025-06-12,1.166769668810987
2025-06-13,1.129534722946043
2025-06-16,1.220196442775662
2025-06-17,1.1800798871077685
2025-06-18,1.1937194129520894
2025-06-19,1.1145398729908351
2025-06-20,1.1476916627812255
2025-06-23,1.1737231307414255
2025-06-24,1.1932451139327158
2025-06-25,1.2868623158621146
2025-06-26,1.2692030832599646
2025-06-27,1.3228574400774349
2025-06-30,1.345134781506069
2025-07-01,1.3942013586615203
2025-07-02,1.33055931213613
2025-07-03,1.3452493943192876
2025-07-04,1.3412189826476444
2025-07-07,1.3412749925325347
2025-07-08,1.4577686473022615
2025-07-09,1.422666489164465
2025-07-10,1.448040524434125
2025-07-11,1.525924215086597
2025-07-14,1.4732492909052615
2025-07-15,1.5082716000059855
2025-07-16,1.5026676270596966
2025-07-17,1.5599325103350463
2025-07-18,1.5876748700954182
2025-07-21,1.6312877200038087
2025-07-22,1.6455540173770327
2025-07-23,1.6419201334535403
2025-07-24,1.717698098214728
2025-07-25,1.7119643879869912
2025-07-28,1.7572527870137478
2025-07-29,1.7896857584092247
2025-07-30,1.735401172241815
2025-07-31,1.6823494992446222
2025-08-01,1.6393635732812175
2025-08-04,1.733367337578931
2025-08-05,1.8168901164615994
2025-08-06,1.8761530964075888
2025-08-07,1.867310841801407
2025-08-08,1.8650265267594093
2025-08-11,1.9193619267342918
2025-08-12,1.9630269468268737
2025-08-13,2.133542284229704
2025-08-14,2.0830699469819556
2025-08-15,2.1813291162064967
2025-08-18,2.3778688053992765
2025-08-19,2.4709694745988613
2025-08-20,2.5156137712711653
2025-08-21,2.506195643526326
2025-08-22,2.699386142196165
2025-08-25,2.8079379088537673
2025-08-26,2.7198495449140685
2025-08-27,2.6099341387351216
2025-08-28,2.7586528584149406
2025-08-29,2.7392812191264446
2025-09-01,2.82604737507034
2025-09-02,2.5445876221517305
2025-09-03,2.480563002989287
2025-09-04,2.032277391810814
2025-09-05,2.248080765409097
2025-09-08,2.2174615497607317
2025-09-09,2.113425562339151
2025-09-10,2.1896747971945
2025-09-11,2.3901947224069118
2025-09-12,2.416114329134739
2025-09-15,2.385081489686203
2025-09-16,2.4479522581766027
2025-09-17,2.507092731870742
2025-09-18,2.5184397710887763
2025-09-19,2.4718147542541717
2025-09-22,2.575337333517941
2025-09-23,2.5653874136969446
2025-09-24,2.6540740211301763
2025-09-25,2.729844418740562
2025-09-26,2.567638432016225
2025-09-29,2.6606088797267704
2025-09-30,2.707899410853541
2025-10-09,2.7761151714265537
2025-10-10,2.4221651981888046
2025-10-13,2.4177784666867455
2025-10-14,2.1199939566731714
2025-10-15,2.212464155772512
2025-10-16,2.1367959503391876
2025-10-17,1.906674695510853
2025-10-20,1.833295689005795
2025-10-21,1.9732595977648086
2025-10-22,2.101261572759288
2025-10-23,2.0465665219220983
2025-10-24,2.216922943470613
2025-10-27,2.2498047474982434
2025-10-28,2.265236784495041
2025-10-29,2.3473263562521764
2025-10-30,2.262449625272014
2025-10-31,2.0634689213552715
2025-11-03,2.0553220203970506
2025-11-04,1.9545492717231603
2025-11-05,1.9196602073667874
2025-11-06,2.054936230438464
2025-11-07,2.0109069381330333
2025-11-10,2.0226256730862517
2025-11-11,1.9843323770966959
2025-11-12,1.9893801986909707
2025-11-13,2.077826065294644
2025-11-14,1.98874151752824
2025-11-17,1.9231936852382006
2025-11-18,1.7641108960444827
2025-11-19,1.7764797155868963
2025-11-20,1.709006537456354
2025-11-21,1.4968013197740058
2025-11-24,1.471061756839925
2025-11-25,1.6240356052481044
2025-11-26,1.672189612103045
2025-11-27,1.7713116924412602
2025-11-28,1.8672223967203088
2025-12-01,1.9271057876584894
2025-12-02,1.8354024909939959
2025-12-03,1.7866231423928558
2025-12-04,1.7904173872934823
2025-12-05,1.8860485445686874
2025-12-08,1.9563349668126246
2025-12-09,1.95184178267634
2025-12-10,1.8774900468232325
2025-12-11,1.8784827131878472
2025-12-12,1.8619179590691552
2025-12-15,1.8096180688553953
2025-12-16,1.7120767720228343
2025-12-17,1.7888701141951058
2025-12-18,1.756382362352233
2025-12-19,1.7727038551435195
2025-12-22,1.8318310321461797
2025-12-23,1.8250933784440118
2025-12-24,1.8385631289927544
2025-12-25,1.7971423360591074
2025-12-26,1.8680789392092454
2025-12-29,1.8618191271342635
2025-12-30,1.8714155224210285
2025-12-31,1.8199634784174359
2026-01-05,1.92317164257427
2026-01-06,2.012184179919988
2026-01-07,2.0203953915486212
2026-01-08,2.003129628434831
2026-01-09,2.0632717338540423
2026-01-12,2.1438647960880135
2026-01-13,2.0690695519719995
2026-01-14,2.1116251229258682
2026-01-15,2.1680945779819347
2026-01-16,2.2115177487295843
2026-01-19,2.240851602761929
2026-01-20,2.192736016902473
2026-01-21,2.2267731603672614
2026-01-22,2.242565745111903
2026-01-23,2.3059725164060105
2026-01-26,2.3256311939969896
2026-01-27,2.380750943492274
2026-01-28,2.391266268351235
2026-01-29,2.378630716227836
2026-01-30,2.209051743956524
2026-02-02,1.9335469841330777
2026-02-03,2.0592659342894106
2026-02-04,2.035194992046429
2026-02-05,1.9051832251919707
2026-02-06,1.8796941925557382
2026-02-09,1.9625147692286997
2026-02-10,1.9853123670281534
2026-02-11,1.9616444238301793
2026-02-12,1.9978262168502612
2026-02-13,1.905059820489388
2026-02-24,1.9577578868194532
2026-02-25,1.9885445102270467
2026-02-26,2.010032684410995
2026-02-27,2.036634747397933
2026-03-02,2.058097398641299
2026-03-03,1.8677152624836924
2026-03-04,1.8157229085013191
2026-03-05,1.8374450309060637
2026-03-06,1.8584760131477993
2026-03-09,1.7912811291390942
2026-03-10,1.874836577975039
2026-03-11,1.9139307875293048
2026-03-12,1.852655486784531
2026-03-13,1.8070490410586362
2026-03-16,1.8598744890237826
2026-03-17,1.7604175830316717
2026-03-18,1.808050154233385
2026-03-19,1.621463787250237
2026-03-20,1.5124030100454129
2026-03-23,1.348334224110741
2026-03-24,1.4719851570566465
2026-03-25,1.5756244133857866
2026-03-26,1.5091454189219533
2026-03-27,1.573944985125588
2026-03-30,1.48966614734168
2026-03-31,1.40659910091493
2026-04-01,1.4382506634991583
2026-04-02,1.3727589163398688
2026-04-03,1.3869752884791935
2026-04-07,1.4852707531182678
2026-04-08,1.6221850589784406
2026-04-09,1.6540078905768045
2026-04-10,1.6951026009855346
2026-04-13,1.6693929517617032
2026-04-14,1.7451377680131022
2026-04-15,1.7654643814016688
2026-04-16,1.8013139492172074
2026-04-17,1.8219692654170763
2026-04-20,1.8716535801595269
2026-04-21,2.2563169487383097
2026-04-22,2.3360053197353676
2026-04-23,2.238651284185712
2026-04-24,2.121563393130377
2026-04-27,2.0884879392396902
2026-04-28,1.9926340504883238
2026-04-29,2.0489085122075035
2026-04-30,2.0579577802945463
2026-05-06,2.1278759821635234
2026-05-07,2.174970960070689
2026-05-08,2.105374238347428
2026-05-11,2.1529546532062187
2026-05-12,2.156452992894505
2026-05-13,2.2282837272345253
2026-05-14,2.118932718563103
2026-05-15,2.064132015330573
2026-05-18,2.0687766503815657
2026-05-19,2.095353396604546
2026-05-20,2.07905574387059
2026-05-21,1.9724460471496217
2026-05-22,2.0585000850521356
2026-05-25,2.1317819980595796
2026-05-26,2.1261363239524558
2026-05-27,2.0875626315894102
2026-05-28,2.108188619405652
2026-05-29,2.068993946643054
2026-06-01,1.9833284421860253
2026-06-02,2.055355806909193
2026-06-03,2.088984142938685
2026-06-04,2.0408277138957973
2026-06-05,1.9417707914339941
